Method,Learning Paradigm,Learning Objective,Computational Approach,Analytical Object Type,Confidence,Description,Classification Rationale,Notes
AdaBoostRegressor,Supervised Learning,Regression,Ensemble Models,"['Algorithm', 'Model']",100,"['AdaBoostRegressor is an ensemble learning algorithm that combines multiple weak learners to produce a strong predictor.', 'It works by iteratively training a series of decision trees, with each subsequent tree trying to correct the errors made by the previous one.', 'This approach is important because it can improve the accuracy and robustness of regression models on complex datasets.', 'AdaBoostRegressor is typically used for applications such as predicting continuous outcomes like prices or temperatures.']","The selected categories apply because AdaBoostRegressor is a supervised learning algorithm that is primarily used for regression tasks, which involves combining multiple decision trees using gradient-based optimization. The ensemble and gradient-based approaches are fundamental to how the method works.",
Affinity Propagation,Unsupervised Learning,Clustering,Similarity-Based Methods,"['Technique', 'Algorithm']",95,"['Affinity Propagation is a clustering algorithm that identifies clusters by representing each data point as the exemplar of its cluster.', 'It works by iteratively updating the responsibility and availability values associated with each data point, based on its similarity to other points in the dataset.', 'This method is important because it can automatically identify meaningful patterns and structures in high-dimensional data without requiring manual initialization or parameter tuning.', 'Affinity Propagation has been successfully applied in various fields, including image segmentation, text analysis, and bioinformatics.']",Affinity Propagation fits the description of an unsupervised learning method that uses instance-based clustering to identify clusters in a dataset.,
ARDRegression,Supervised Learning,Regression,Linear Models,['Model'],100,"['ARDRegression is a type of regression algorithm that combines Automatic Relevance Determination (ARD) with neural networks.', 'It works by using a neural network to learn the relationships between input features and output targets, while simultaneously determining the importance of each feature through the ARD mechanism.', 'This approach is important because it allows for the simultaneous estimation of model parameters and feature relevance, which can improve prediction accuracy and interpretability.', 'ARDRegression is typically applied in regression tasks where there are many input features and the goal is to identify the most relevant features.']","ARDRegression combines supervised learning with a neural network approach, specifically using gradient-based methods, to solve regression problems. The ARD mechanism allows for feature importance estimation, making it suitable for regression tasks.",
BaggingClassifier,Supervised Learning,Classification,['Ensemble Models'],['Model'],90,"['A BaggingClassifier is an ensemble learning method that combines multiple instances of a base classifier to improve the overall performance and robustness.', 'It works by training each base classifier on a different random subset of the training data, and then combining their predictions using majority voting or averaging.', 'BaggingClassifiers are important because they can help prevent overfitting by reducing the variance of the model, and also provide a way to combine the strengths of multiple classifiers.', 'They are typically used in applications such as image classification, natural language processing, and recommender systems.']","The BaggingClassifier is classified as supervised learning because it requires labeled training data, and ensemble models because it combines multiple instances of a base classifier. It is also a model because it represents a computational artifact that can be trained and used to make predictions.",
BayesianGaussianMixture,Unsupervised Learning,"Density Estimation, Clustering","['Probabilistic Methods', 'Bayesian Methods']",['Model'],100,"The BayesianGaussianMixture model is a probabilistic mixture model that assumes the data is drawn from a finite number of Gaussian distributions. It works by learning the parameters of these distributions using Bayesian inference. This method is important for modeling complex, high-dimensional data with uncertain underlying structures. Typical applications include density estimation, clustering, and dimensionality reduction.","The model is based on probabilistic methods and uses Bayesian inference to learn the parameters of the mixture components, which aligns with the Probabilistic Inference learning paradigm. It also solves a Density Estimation problem and can be used for Clustering, making it suitable for both objectives.",
BernoulliNB,Supervised Learning,Classification,Probabilistic Methods,['Model'],95,"['The Bernoulli Naive Bayes (BernoulliNB) is a variant of the Naive Bayes algorithm.', ""It works by assuming that each feature is independent and identically distributed, and then using Bayes' theorem to calculate the posterior probability of a class given the input features."", 'This method is important because it provides an interpretable way to model complex relationships between inputs and outputs.', 'It is commonly used in text classification tasks, spam filtering, and sentiment analysis.']",The BernoulliNB algorithm uses probabilistic inference to make predictions based on input features. It assumes independence among features and applies Bayes' theorem to calculate posterior probabilities. Its use of linear models for probability calculations makes it both a Probabilistic Method and a Linear Model.,
BernoulliRBM,Unsupervised Learning,Representation Learning,"['Neural Networks', 'Probabilistic Methods']",['Model'],90,"{'What the analytical method is': 'The Bernoulli Restricted Boltzmann Machine (BernoulliRBM) is a type of neural network.', 'How it works': 'It uses a probabilistic approach to learn a generative model from data, with hidden variables that capture complex patterns and relationships in the input space.', 'Why it is important': 'The BernoulliRBM is an essential tool for unsupervised feature learning, dimensionality reduction, and representation of high-dimensional data.', 'Its typical applications': 'It has been widely applied in image recognition, object detection, natural language processing, and other areas where deep learning techniques are used.'}",The BernoulliRBM is classified as a probabilistic inference method because it uses probabilistic models to learn from data. It is also classified as a representation learning method because it learns a compact and meaningful representation of the input data.,
Binarizer,Supervised Learning,Preprocessing / Feature Engineering,"['Optimization Methods', 'Probabilistic Methods']","['Function', 'Algorithm']",80,"A Binarizer is a data preprocessing technique used to convert numerical features into binary (0/1) variables. This process works by setting all values above a certain threshold to 1 and below the threshold to 0. The importance of binarization lies in its ability to reduce dimensionality, improve model interpretability, and increase computational efficiency. Binarizers are commonly applied in classification tasks where the target variable has only two classes.","Binarizer is a supervised learning method that solves a preprocessing problem, which involves transforming numerical features into binary variables. It uses optimization methods to determine the threshold value and probabilistic methods to make predictions based on the transformed data.",
CalibratedClassifierCV,Supervised Learning,Classification,['Ensemble Models'],['Model'],95,"{'1. What the analytical method is': 'CalibratedClassifierCV is a machine learning algorithm that calibrates the output of an existing classifier, such as logistic regression or decision trees.', '2. How it works': 'It works by adjusting the output probabilities of the base classifier to match the true class probabilities, resulting in more accurate and reliable predictions.', '3. Why it is important': 'CalibratedClassifierCV is important because it helps mitigate overconfidence and improves the overall performance of machine learning models, especially in high-stakes applications.', '4. Its typical applications': 'This algorithm is commonly used in classification tasks where accurate probability estimates are crucial, such as medical diagnosis or credit risk assessment.'}",The selection of 'Supervised Learning' as the learning paradigm is due to the fact that CalibratedClassifierCV requires a labeled dataset to calibrate the base classifier. The choice of 'Classification' as the learning objective is because this algorithm is primarily used for classification tasks.,
CategoricalNB,Supervised Learning,Classification,"['Probabilistic Methods', 'Bayesian Methods']","['Algorithm', 'Model']",95,"{'What the analytical method is': 'CategoricalNB is a type of Naive Bayes classifier designed for categorical features.', 'How it works': ""It calculates probabilities for each class and feature, then uses Bayes' theorem to determine the most likely class given the features."", 'Why it is important': 'Naive Bayes classifiers are simple to implement and often perform well on high-dimensional data with sparse features.', 'Its typical applications': 'CategoricalNB can be used in text classification, sentiment analysis, spam filtering, and other problems where categorical features are present.'}",The method is a supervised learning algorithm designed for classification tasks. It uses probabilistic methods to make predictions based on Bayes' theorem.,
CCA,Unsupervised Learning,Dimensionality Reduction,"['Linear Models', 'Probabilistic Methods']","['Algorithm', 'Technique']",80,"{'What the analytical method is': 'CCA is a statistical technique used to identify and describe the correlation between two sets of variables.', 'How it works': 'It finds the linear combinations of variables that are maximally correlated, resulting in new axes with maximal variance.', 'Why it is important': 'CCA is useful for understanding the relationship between multiple variables in different datasets, especially when there are no clear causal relationships.', 'Its typical applications': ""It's commonly used in psychology, biology, and economics to study the relationship between cognitive abilities, gene expression levels, or economic indicators.""}",CCA is classified as unsupervised learning because it doesn't require labeled data; dimensionality reduction because it reduces the number of variables by identifying the most important correlations.,
ClassifierChain,Supervised Learning,Classification,['Ensemble Models'],"['Technique', 'Model']",90,"{'What the analytical method is': 'ClassifierChain is a machine learning technique that combines multiple classifiers to improve classification performance.', 'How it works': 'It works by training each classifier on a subset of features and then combining their predictions to make the final prediction.', 'Why it is important': 'ClassifierChain is useful for handling high-dimensional feature spaces, class imbalance, and noisy data.', 'Its typical applications': 'It is commonly used in image classification, natural language processing, and bioinformatics.'}",ClassifierChain is a supervised learning technique that combines multiple classifiers to improve classification performance. It uses an ensemble approach to handle complex datasets and noisy features.,
Convolutional Neural Network,Supervised Learning,Classification,['Neural Networks'],['Model'],100,"{'What the analytical method is': 'A Convolutional Neural Network (CNN) is a type of neural network that is designed to process data with grid-like topology, such as images.', 'How it works': 'CNNs work by applying convolutional and pooling layers to extract features from input data, followed by fully connected layers for classification or regression tasks.', 'Why it is important': 'CNNs are essential in many computer vision applications, including image recognition, object detection, and segmentation.', 'Its typical applications': 'CNNs are widely used in image classification tasks, such as handwritten digit recognition, facial recognition, and medical image analysis.'}","The CNN is a type of neural network that is specifically designed for processing grid-like data, making it a supervised learning method with a primary objective of classification.",
CountVectorizer,Unsupervised Learning,Feature Selection (LO),Linear Models,"['Function', 'Algorithm']",80,"{'What the analytical method is': 'CountVectorizer is a popular algorithm used in natural language processing for converting text data into numerical features.', 'How it works': 'It works by counting the frequency of each word in the text, resulting in a bag-of-words representation. This is achieved through tokenization and filtering out stop words.', 'Why it is important': 'This method is essential for many machine learning tasks, such as text classification, clustering, and topic modeling, as it helps to transform unstructured text data into structured numerical data.', 'Its typical applications': 'CountVectorizer is commonly used in sentiment analysis, opinion mining, document summarization, and information retrieval.'}","The CountVectorizer algorithm falls under Unsupervised Learning since it doesn't require labeled training data. It's used for Feature Selection (LO), as it transforms text data into numerical features that can be used as input for various machine learning algorithms.",
DecisionTreeClassifier,Supervised Learning,Classification,Tree-Based Models,"['Model', 'Technique']",90,"['DecisionTreeClassifier is a supervised learning algorithm that uses a decision tree to classify data.', 'It works by recursively partitioning the feature space and assigning labels based on the feature values.', 'This method is important because it provides an interpretable model that can handle high-dimensional data and nonlinear relationships.', 'Typical applications include image classification, text classification, and customer segmentation.']","DecisionTreeClassifier is a supervised learning algorithm that uses a decision tree to classify data, which aligns with the Supervised Learning paradigm. It is primarily used for classification tasks, making Classification its most relevant objective.",
DecisionTreeRegressor,Supervised Learning,Regression,Tree-Based Models,"['Algorithm', 'Model']",100,"{'1. What the analytical method is': 'A DecisionTreeRegressor is a type of regression algorithm that uses a decision tree to predict continuous values.', '2. How it works': 'The algorithm recursively splits the data into subsets based on feature values, using Gini impurity or variance reduction as the splitting criterion.', '3. Why it is important': 'Decision trees are interpretable and can handle high-dimensional data, making them a popular choice for regression tasks.', '4. Its typical applications': 'DecisionTreeRegressor is often used in finance to predict stock prices, in healthcare to forecast patient outcomes, and in engineering to model physical systems.'}",The DecisionTreeRegressor uses supervised learning to make predictions based on the relationship between input features and output labels.,
DictionaryLearning,Unsupervised Learning,Dimensionality Reduction,['Matrix Factorization'],['Technique'],95,"Dictionary Learning is a technique that represents data as a linear combination of a few dictionary elements. It works by factorizing the input matrix into two lower-dimensional matrices: the dictionary and the coefficients. This technique is important because it enables efficient representation of high-dimensional data and facilitates tasks like image compression, denoising, and feature extraction. Dictionary Learning is typically applied to image processing, signal processing, and text analysis.",Dictionary Learning is a variant of matrix factorization that represents the input data as sparse linear combinations of dictionary elements. This matches the characteristics of unsupervised learning (no label information) and dimensionality reduction (reducing the number of features).,
DictVectorizer,Unsupervised Learning,Dimensionality Reduction,"['Transform Methods', 'Linear Models']","['Technique', 'Function']",80,"['DictVectorizer is a technique used in natural language processing (NLP) and text analysis to convert text data into numerical vectors.', 'It works by creating a dictionary of unique words or phrases from the input text, and then converting each piece of text into a vector based on its presence in that dictionary.', 'This technique is important because it allows for efficient storage and processing of large amounts of text data, enabling applications such as topic modeling, sentiment analysis, and information retrieval.', 'DictVectorizer is commonly used in NLP tasks such as text classification, named entity recognition, and language modeling.']",The technique of DictVectorizer fits within the unsupervised learning paradigm because it is used for dimensionality reduction without a specific target variable. It also aligns with the objective of dimensionality reduction by reducing the number of features in text data.,
DummyClassifier,Supervised Learning,Classification,['Linear Models'],['Model'],90,"{'What the analytical method is': 'A dummy classifier is a simple machine learning model that always predicts a class based on the majority of the training data, or at random. It can be used as a baseline for evaluating other models.', 'How it works': 'The model does not learn from the data and instead uses predefined rules to make predictions. This makes it very easy to implement but also means it is not very accurate.', 'Why it is important': 'A dummy classifier serves as a baseline model that can be used to compare the performance of other models. It helps in understanding how well a model performs compared to a simple, non-informative predictor.', 'Its typical applications': 'Dummy classifiers are often used in classification tasks where there is limited labeled data or when comparing the performance of different machine learning algorithms.'}","The dummy classifier is classified as a supervised learning method because it requires labeled training data to make predictions. It is primarily used for classification, and its computational approach can be considered linear because it uses simple rules to make predictions.",
DummyRegressor,Supervised Learning,Regression,"['Linear Models', 'Probabilistic Methods']",['Model'],95,"{'What the analytical method is': 'The DummyRegressor is a type of regressor in scikit-learn that predicts a constant value for all samples.', 'How it works': 'It uses a simple probabilistic model to make predictions, where the predicted value is a random draw from a uniform distribution.', 'Why it is important': 'DummyRegressor can be used as a baseline model or to provide a simple solution when more complex models are not available or do not improve performance.', 'Its typical applications': 'This method is typically used in situations where there is no underlying relationship between the features and target variable, such as when dealing with categorical data.'}",The DummyRegressor is classified as a Supervised Learning model because it predicts a target variable based on input features. It is also classified as a Regression model since its primary purpose is to predict continuous values.,
Elliptic Envelope,Unsupervised Learning,Anomaly Detection,"['Density-Based Methods', 'Probabilistic Methods']","['Algorithm', 'Technique']",100,"['Elliptic Envelope is a method for detecting anomalies and outliers in data.', 'It works by transforming the data into a higher-dimensional space where it can be modeled as an ellipsoid, allowing for efficient detection of points that fall outside this shape.', 'This method is important because it provides a powerful tool for identifying unusual patterns or anomalies in large datasets.', 'Elliptic Envelope has applications in various fields such as finance, medicine, and engineering where anomaly detection is crucial.']","['Elliptic Envelope falls under Unsupervised Learning because it does not require labeled data to detect anomalies.', 'The primary objective of Elliptic Envelope is Anomaly Detection, which aligns with its purpose of identifying unusual patterns in data.', ""Density-Based Methods and Probabilistic Methods are applicable due to the method's reliance on spatial relationships and probabilistic modeling.""]",
Empirical Covariance,Unsupervised Learning,Density Estimation,['Probabilistic Methods'],"['Technique', 'Measure']",90,"['Empirical Covariance is a statistical method used to estimate the covariance matrix of a multivariate distribution.', 'It works by computing the sample covariance between each pair of variables in the dataset, which provides an unbiased estimator of the population covariance.', 'The importance of Empirical Covariance lies in its ability to capture complex relationships between variables and identify potential sources of variability.', 'Empirical Covariance is commonly used in portfolio optimization, risk analysis, and dimensionality reduction.']","['Empirical Covariance is classified as Unsupervised Learning because it does not rely on labeled data or a specific objective function to make predictions.', 'It is classified as Density Estimation because its primary purpose is to estimate the probability distribution of a multivariate variable, rather than classify instances or optimize an objective function.']",
ExtraTreeClassifier,Supervised Learning,Classification,Tree-Based Models,"['Algorithm', 'Model']",100,"{'What the analytical method is': 'ExtraTreeClassifier is a type of ensemble classifier that combines multiple decision trees to improve predictive performance.', 'How it works': 'It uses an iterative process to select and combine the best decision trees, with each tree being trained on a random subset of features and samples.', 'Why it is important': 'ExtraTreeClassifier can handle high-dimensional data and provide robust results by reducing overfitting.', 'Its typical applications': 'It is often used in classification tasks where there are multiple classes or subcategories.'}","The ExtraTreeClassifier is classified as a supervised learning method because it learns from labeled data to make predictions. It is primarily designed for classification problems, which is why Classification is selected as the Learning Objective. The use of ensemble methods and decision trees makes Tree-Based Models and Ensemble Models relevant Computational Approaches. Finally, since it is a specific algorithm and model used in machine learning, Algorithm and Model are the most applicable Analytical Object Types.",
ExtraTreeRegressor,Supervised Learning,Regression,Tree-Based Models,"['Algorithm', 'Model']",100,"{'What the analytical method is': 'ExtraTreeRegressor is a type of regression algorithm.', 'How it works': 'It uses an ensemble approach, combining multiple decision trees to produce predictions. Each tree in the ensemble is trained on a random subset of the data and features, and the final prediction is made by aggregating the predictions from all trees.', 'Why it is important': 'ExtraTreeRegressor is robust against overfitting and can handle high-dimensional data with many correlated features. It also provides feature importance scores, which can be used to identify the most relevant variables in the model.', 'Its typical applications': 'It is commonly used for regression tasks where there are many features or when there are missing values in the dataset.'}","ExtraTreeRegressor uses a supervised learning paradigm, as it is trained on labeled data and makes predictions based on that training. It is primarily used for regression tasks, which aligns with its classification under the 'Regression' learning objective.",
ExtraTreesRegressor,Supervised Learning,Regression,"['Ensemble Models', 'Tree-Based Models']","['Algorithm', 'Model']",100,"['ExtraTreesRegressor is a type of ensemble learning algorithm.', 'It works by combining multiple decision trees to produce a more accurate prediction, using random selection of features and samples to reduce overfitting.', 'This method is important because it can handle high-dimensional data and is less prone to overfitting compared to single decision trees.', 'ExtraTreesRegressor is commonly used for regression tasks, such as predicting continuous values like house prices or stock prices.']","ExtraTreesRegressor fits the definition of Supervised Learning as it learns from labeled data to make predictions. It also aligns with Regression as its primary purpose is to predict a continuous value. Furthermore, its computational approach involves ensemble and tree-based methods.",
FactorAnalysis,Unsupervised Learning,Dimensionality Reduction,"['Probabilistic Methods', 'Linear Models']",['Technique'],95,"{'What the analytical method is': 'Factor analysis is a statistical technique used to reduce the number of variables in a dataset while retaining as much information as possible.', 'How it works': 'It works by identifying underlying factors or components that explain the correlations between variables, and then rotating these factors to make them more interpretable.', 'Why it is important': 'Factor analysis is an essential tool for data reduction, dimensionality reduction, and feature extraction in many fields, including psychology, sociology, marketing, and finance.', 'Its typical applications': 'It is commonly used in market research, customer segmentation, and data mining to identify patterns and relationships between variables.'}",Factor analysis is classified as an unsupervised learning method because it does not require labeled data. It is also classified under dimensionality reduction as its primary objective is to reduce the number of variables in a dataset.,
FastICA,Unsupervised Learning,Dimensionality Reduction,"['Independent Component Analysis', 'Optimization Methods']",['Algorithm'],90,"['FastICA is an algorithm for independent component analysis (ICA), which is a technique used to separate mixed signals into their underlying independent components.', 'It works by using a fixed-point iteration method to maximize the negentropy of the projected data, which is a measure of non-Gaussianity.', 'Independent component analysis is important in signal processing and neuroscience because it can be used to identify and remove noise from signals, as well as to understand the underlying structure of complex systems.', 'FastICA has typical applications in audio and image processing, as well as in brain-computer interfaces.']",FastICA is a type of unsupervised learning algorithm that uses optimization methods to perform dimensionality reduction by separating mixed signals into their independent components.,
FeatureAgglomeration,Unsupervised Learning,Dimensionality Reduction,"['Optimization Methods', 'Linear Models']",['Technique'],90,"{'What the analytical method is': 'FeatureAgglomeration is a technique used in machine learning to reduce the dimensionality of high-dimensional data.', 'How it works': 'It works by merging similar features into a new feature, thereby reducing the number of features while retaining the most important information.', 'Why it is important': 'This method is important because it can help prevent the curse of dimensionality and improve model interpretability.', 'Its typical applications': 'FeatureAgglomeration is typically used in clustering, classification, and regression tasks where high-dimensional data is involved.'}","FeatureAgglomeration reduces dimensions by merging features, which aligns with Unsupervised Learning and Dimensionality Reduction objectives. It uses optimization methods and linear models to achieve this goal.",
FeatureHasher,Unsupervised Learning,Feature Selection (LO),"['Optimization Methods', 'Linear Models']",['Technique'],80,"['FeatureHasher is a technique used in machine learning to convert categorical variables into numerical features.', 'It works by mapping each category to a unique integer, allowing the model to learn from these new features.', 'This is important because many machine learning algorithms require numerical input, and FeatureHasher enables us to work with categorical data in this way.', 'FeatureHasher is commonly used in natural language processing, text classification, and recommender systems.']","FeatureHasher fits into Unsupervised Learning as it's used for feature selection, which doesn't require labeled data. It uses Optimization Methods to find the best hash functions, and Linear Models to project the categorical variables onto a lower-dimensional space.",
Feature Union,Supervised Learning,Feature Selection (LO),"['Ensemble Models', 'Instance-Based Models']","['Technique', 'Function']",95,"{'What the analytical method is': 'FeatureUnion is a technique used in machine learning to combine multiple feature selectors into a single transformer.', 'How it works': 'It works by stacking multiple feature selectors, such as filter methods and wrapper methods, which are evaluated separately or in combination, to obtain the final set of features.', 'Why it is important': 'FeatureUnion is important because it allows for the selection of features that can improve the performance of a machine learning model.', 'Its typical applications': 'It has typical applications in data preprocessing, feature engineering, and model selection.'}","The reason why FeatureUnion is classified as Supervised Learning is because it relies on labeled data to evaluate the performance of different feature selectors. The Learning Objective of Feature Selection (LO) applies because FeatureUnion is primarily used for selecting features from a large set of input features. Ensemble Models and Instance-Based Models are applicable because FeatureUnion combines multiple feature selectors into a single transformer, which can be considered as an ensemble approach. Finally, Technique and Function are both applicable Analytical Object Types because FeatureUnion is a technique used in machine learning to combine multiple feature selectors.",
FixedThresholdClassifier,Supervised Learning,Classification,['Rule-Based Models'],"['Algorithm', 'Model']",100,"['The Fixed Threshold Classifier is a type of supervised learning algorithm used for classification tasks.', 'It works by applying a fixed threshold to the output of a model or feature extractor, where instances with values above the threshold are classified as one class and those below are classified as another.', 'This method is important because it provides a simple and interpretable way to perform classification, making it easier to understand and trust the results.', 'The Fixed Threshold Classifier has typical applications in binary classification problems, such as spam vs. non-spam emails or cancer vs. non-cancer images.']","The FixedThresholdClassifier is a supervised learning algorithm that uses a fixed threshold to classify instances into two classes, which aligns with the Rule-Based Models computational approach and Classification learning objective.",
FrozenEstimator,Supervised Learning,Regression,['Gradient-Based Methods'],"['Model', 'Algorithm']",80,"{'What the analytical method is': 'FrozenEstimator is a type of model that uses gradient-based methods to optimize its parameters.', 'How it works': 'It freezes the weights and biases of some layers in the model while training others, allowing for faster convergence during optimization.', 'Why it is important': 'This technique can improve the stability and speed of model training, especially when dealing with large datasets or complex models.', 'Its typical applications': 'FrozenEstimator is commonly used in deep learning tasks such as image classification, object detection, and natural language processing.'}",The name 'FrozenEstimator' suggests a connection to gradient-based optimization methods. The technique's focus on freezing weights and biases during training also aligns with the characteristics of gradient-based methods.,
GammaRegressor,Supervised Learning,Regression,"['Linear Models', 'Probabilistic Methods']","['Model', 'Function']",95,"{'What the analytical method is': 'GammaRegressor is a type of regression algorithm that models the relationship between a dependent variable and one or more independent variables using a gamma distribution.', 'How it works': 'The GammaRegressor uses maximum likelihood estimation to fit the model parameters, which are then used to predict the value of the dependent variable.', 'Why it is important': 'GammaRegressor is useful for modeling count data or ratios that have an underlying Poisson or gamma distribution, as it can capture the skewness and heteroscedasticity present in such data.', 'Its typical applications': 'GammaRegressor is commonly used in finance to model insurance claims, in ecology to model population sizes, and in engineering to model material properties.'}","The GammaRegressor is classified as a supervised learning method because it requires labeled training data to learn the relationship between the dependent variable and independent variables. It is classified as a regression method because its primary objective is to predict continuous values. Its computational approach is based on linear models and probabilistic methods, which are used to fit the gamma distribution parameters.",
GaussianMixture,Unsupervised Learning,Clustering,"['Probabilistic Methods', 'Density-Based Methods']","['Model', 'Technique']",95,"{'1. What the analytical method is': 'GaussianMixture is a probabilistic clustering algorithm that models each cluster as a Gaussian distribution.', '2. How it works': 'It iteratively estimates the parameters of each Gaussian distribution and assigns data points to the cluster with the highest posterior probability.', '3. Why it is important': 'GaussianMixture provides a flexible and interpretable way to model complex datasets with multiple modes or clusters.', '4. Its typical applications': 'It is commonly used in image segmentation, gene expression analysis, and anomaly detection.'}","GaussianMixture is an unsupervised learning algorithm that aims to partition the data into K clusters, making 'Unsupervised Learning' and 'Clustering' the most appropriate categories.",
Gaussian Process Classifier,Supervised Learning,Classification,"['Probabilistic Methods', 'Kernel-Based Models']",['Model'],100,"['A Gaussian Process Classifier is a probabilistic model that learns from labeled data and predicts the class of new instances.', 'It works by modeling the posterior distribution over the latent function space, using a kernel function to encode prior knowledge about the relationships between inputs.', 'This approach is important because it provides a principled way to quantify uncertainty in predictions, which can be useful for tasks like classification and regression.', 'Typically applied in classification problems where there are multiple classes and the data has high dimensionality.']","Gaussian Process Classifier falls under Supervised Learning as it learns from labeled data. It is used for Classification as its primary objective. The use of kernel functions and probabilistic framework aligns with Probabilistic Methods and Kernel-Based Models. Finally, the model is a type of analytical object that provides predictions.",
Gaussian Process Regressor,Supervised Learning,Regression,"['Kernel-Based Models', 'Probabilistic Methods']",['Model'],90,"A Gaussian Process Regressor is a type of probabilistic model that can be used for regression tasks. It works by modeling the underlying distribution of the data using a Gaussian process, which allows it to capture complex relationships between input and output variables. This approach is particularly useful when there is uncertainty in the predictions, as it provides a measure of confidence in the results. Typical applications include modeling continuous-valued outputs, such as temperatures or stock prices.","Gaussian Process Regressor is a probabilistic model that uses kernel-based methods to make predictions and provide confidence intervals, which aligns with both Probabilistic Inference and Regression objectives. It also relies on Kernel-Based Models and Probabilistic Methods, which are fundamental strategies in this approach.",
Gaussian Random Projection,Unsupervised Learning,Dimensionality Reduction,"['Linear Models', 'Probabilistic Methods']",['Technique'],95,"{'What the analytical method is': 'Gaussian Random Projection is a dimensionality reduction technique that projects high-dimensional data onto a lower-dimensional space using random projections.', 'How it works': 'It uses Gaussian noise to create random orthogonal matrices, which are then used to project the original data. This process results in a reduced-dimension representation of the data while preserving its essential features.', 'Why it is important': 'Gaussian Random Projection is useful for reducing the dimensionality of high-dimensional data, making it easier to visualize and analyze. It can also improve the performance of certain machine learning algorithms by reducing overfitting.', 'Its typical applications': 'This technique has various applications in data analysis, visualization, and feature engineering, including image recognition, text classification, and recommendation systems.'}","The GaussianRandomProjection method is classified as an unsupervised learning approach because it does not require labeled training data. It is used for dimensionality reduction, which is a common goal in unsupervised learning. The technique involves linear transformations and probabilistic methods, making it applicable to the Linear Models and Probabilistic Methods categories.",
Generalized Linear Model,Supervised Learning,Regression,"['Linear Models', 'Probabilistic Methods']","['Model', 'Technique']",100,"{'What the analytical method is': 'A Generalized Linear Model (GLM) is a statistical model that generalizes linear regression by allowing for non-normal response variables.', 'How it works': 'GLMs work by modeling the mean of the response variable as a linear combination of the predictors, with an additional non-normal distribution assumption to accommodate non-normal responses.', 'Why it is important': 'GLMs are important because they allow researchers to model complex relationships between variables while accounting for non-normality in the data.', 'Its typical applications': 'GLMs have many applications across various fields, including regression analysis, epidemiology, and finance.'}","The GLM is classified as a Supervised Learning method because it uses labeled training data to make predictions. It is primarily used for Regression tasks, which involve modeling the relationship between a continuous dependent variable and one or more independent variables.",
GenericUnivariateSelect,Supervised Learning,Feature Selection (LO),['Instance-Based Models'],"['Function', 'Algorithm']",90,"['GenericUnivariateSelect is a feature selection method that selects the best features from a set of input features based on their mutual information with the target variable.', 'It works by computing the mutual information between each feature and the target variable, and selecting the features with the highest mutual information.', 'This method is important because it can improve the performance of machine learning models by reducing the dimensionality of the data and selecting the most relevant features.', 'Typical applications of GenericUnivariateSelect include text classification, image classification, and regression analysis.']",GenericUnivariateSelect is a supervised learning method that aims to select the best features from a set of input features based on their mutual information with the target variable. It uses an instance-based approach to compute the mutual information between each feature and the target variable.,
GradientBoostingRegressor,Supervised Learning,Regression,"['Ensemble Models', 'Gradient-Based Methods']","['Model', 'Technique']",100,"{'What the analytical method is': 'GradientBoostingRegressor is a machine learning algorithm that combines multiple weak prediction models to create a strong predictive model.', 'How it works': 'It works by iteratively adding new predictor variables to an existing regression model, with each iteration seeking to minimize the error of the previous model.', 'Why it is important': 'GradientBoostingRegressor is particularly useful for handling complex and non-linear relationships between variables, and can often achieve high accuracy in prediction tasks.', 'Its typical applications': 'This method is commonly used in a wide range of regression tasks, such as predicting continuous outcomes like house prices or stock prices.'}",GradientBoostingRegressor is classified under Supervised Learning because it requires labeled training data to learn from. It is classified under Regression because its primary objective is to predict continuous outcomes. Ensemble Models and Gradient-Based Methods are applicable computational approaches because the method combines multiple models and uses gradient descent for optimization.,
Graphical Lasso,Unsupervised Learning,Feature Selection (LO),"['Probabilistic Methods', 'Optimization Methods']","['Model', 'Technique']",90,"{'1. What the analytical method is': 'Graphical Lasso is a computational method for variable selection and sparse regression analysis.', '2. How it works': 'It uses a graphical model to represent the relationships between variables and selects the most relevant features by minimizing the L1 regularization term, while also imposing structural constraints on the graph.', '3. Why it is important': 'Graphical Lasso is important for high-dimensional data analysis as it allows for simultaneous variable selection and structure discovery.', '4. Its typical applications': 'It has been applied to various fields such as genomics, finance, and social network analysis.'}","The Graphical Lasso method is classified as Unsupervised Learning because it does not require labeled data for training. It is also classified as Feature Selection (LO) since its primary objective is to select the most relevant features from a large set of variables. The Computational Approach includes Probabilistic Methods and Optimization Methods, as the Graphical Lasso uses probabilistic graphical models and optimization techniques to solve the sparse regression problem.",
Graphical Lasso with Cross-Validation,Supervised Learning,Feature Selection (LO),"['Linear Models', 'Probabilistic Methods']","['Algorithm', 'Technique']",90,"{'What the analytical method is': 'Graphical Lasso with Cross-Validation is a regularization technique used for feature selection in high-dimensional data.', 'How it works': 'It combines graph theory and lasso regression to identify sparse and structured patterns in data, while also handling high dimensionality through cross-validation.', 'Why it is important': 'This method is essential for identifying relevant features in complex datasets, especially when the number of features far exceeds the sample size.', 'Its typical applications': 'Graphical Lasso with Cross-Validation has applications in various domains such as genomics, image analysis, and network inference.'}","The method is classified under Probabilistic Inference because it uses probabilistic models to regularize and identify features. It is also related to Feature Selection (LO) due to its primary objective of selecting relevant features in high-dimensional data. The combination of graph theory, lasso regression, and cross-validation makes it a Linear Model with Probabilistic Methods.",
HashingVectorizer,Unsupervised Learning,Dimensionality Reduction,"['Kernel-Based Models', 'Transform-based Methods']","['Algorithm', 'Technique']",90,"{'1. What the analytical method is': 'HashingVectorizer is a data preprocessing technique used in machine learning to transform high-dimensional feature spaces into lower-dimensional representations.', '2. How it works': 'It achieves this by mapping features onto a hash table, reducing dimensionality through hashing functions while preserving essential information.', '3. Why it is important': 'This allows for efficient storage and processing of large datasets while maintaining the ability to distinguish between classes.', '4. Its typical applications': 'HashingVectorizer has applications in feature selection, data compression, and text representation learning.'}","The method uses hashing functions to reduce dimensionality, which is a key characteristic of Kernel-Based Models. It also involves transforming the feature space, aligning with Transform-based Methods. As it does not rely on labeled data or iterative refinement, it falls under Unsupervised Learning.",
HistGradientBoostingClassifier,Supervised Learning,Classification,"['Ensemble Models', 'Gradient-Based Methods']","['Model', 'Algorithm']",100,"{'What the analytical method is': 'HistGradientBoostingClassifier is a machine learning algorithm used for classification tasks.', 'How it works': 'It uses gradient boosting to combine multiple weak models into a strong one, with each model trying to improve the prediction made by the previous one.', 'Why it is important': 'This approach is effective in handling high-dimensional data and can be used as a feature selector to improve the performance of other classification algorithms.', 'Its typical applications': 'It is commonly used in various domains such as image classification, natural language processing, and recommender systems.'}","HistGradientBoostingClassifier is classified as a supervised learning method because it relies on labeled training data to make predictions. The method's primary objective is classification, which involves assigning an input to one of multiple classes or labels. It uses ensemble models by combining multiple weak models into a strong one, and gradient-based methods to optimize the model's parameters.",
HistGradientBoostingRegressor,Supervised Learning,Regression,"['Gradient-Based Methods', 'Ensemble Models']",['Algorithm'],100,"{'What the analytical method is': 'HistGradientBoostingRegressor is a variant of Gradient Boosting Regressor that uses histograms to improve numerical stability and handling of categorical features.', 'How it works': 'It iteratively adds decision trees to the model, with each subsequent tree attempting to correct the errors made by its predecessors. The weights of the observations are adjusted at each step based on how well the previous iteration performed.', 'Why it is important': 'HistGradientBoostingRegressor can handle high-dimensional data and non-linear relationships between features, making it a powerful tool for regression tasks.', 'Its typical applications': 'It is commonly used in tasks such as predicting house prices, stock prices, or any other continuous value.'}","The classification is based on the algorithm's ability to learn from labeled data and make predictions, which aligns with supervised learning. The primary objective of HistGradientBoostingRegressor is regression, making it a fitting choice for that category. Additionally, its use of gradient-based methods and ensemble models solidify its place in these categories.",
IncrementalPCA,Unsupervised Learning,Dimensionality Reduction,['Probabilistic Methods'],"['Algorithm', 'Technique']",90,"['IncrementalPCA is a type of dimensionality reduction algorithm.', 'It works by iteratively adding principal components to the model, reducing the dimensionality of the data incrementally.', 'It is important because it allows for real-time processing of high-dimensional data streams.', 'Typical applications include image and video analysis, recommendation systems, and document clustering.']",IncrementalPCA is an unsupervised learning method that reduces dimensionality by iteratively adding principal components to the model. It uses a probabilistic approach to identify the most informative features in the data.,
Isomap,Unsupervised Learning,Dimensionality Reduction,"['Manifold Learning', 'Non-Linear Dimensionality Reduction']",['Technique'],90,"{'What the analytical method is': 'Isomap (Isometric Mapping) is a non-linear dimensionality reduction technique that embeds high-dimensional data into lower-dimensional space while preserving geodesic distances.', 'How it works': 'It uses the shortest paths between points in the high-dimensional space to build a distance matrix, which is then used to compute the eigenvectors of the corresponding graph Laplacian. These eigenvectors are used as coordinates in the lower-dimensional space.', 'Why it is important': 'Isomap helps preserve the underlying structure of the data and can be particularly useful for data that has non-linear relationships between features.', 'Its typical applications': 'Isomap is often applied to visualize high-dimensional data, such as images or text documents.'}",Isomap is classified as an unsupervised learning method because it does not require labeled training data. It is a dimensionality reduction technique that aims to preserve the underlying structure of the data in lower-dimensional space.,
Isotonic Regression,Supervised Learning,Regression,"['Linear Models', 'Probabilistic Methods']","['Algorithm', 'Model']",80,"{'What the analytical method is': 'Isotonic Regression is a type of regression analysis that models the relationship between the input variables and the output variable using an isotonic function.', 'How it works': 'It works by minimizing the loss function subject to the constraint that the estimated response function is non-decreasing in each input variable.', 'Why it is important': 'Isotonic Regression is useful when the underlying relationship between the input variables and the output variable is monotonic, but the direction of the effect is unknown.', 'Its typical applications': 'It is often used in regression tasks where there are multiple input variables, such as feature selection or dimensionality reduction.'}","Isotonic Regression is a type of supervised learning method that models the relationship between the input variables and the output variable using an isotonic function. It is primarily used for regression tasks, and its computational approach involves both linear models and probabilistic methods.",
KBinsDiscretizer,Unsupervised Learning,Dimensionality Reduction,"['Optimization Methods', 'Linear Models']","['Algorithm', 'Technique']",90,"{'What the analytical method is': 'KBinsDiscretizer is a binning algorithm that discretizes continuous features into categorical variables.', 'How it works': 'It works by dividing the range of each feature into a specified number of bins, and assigning each data point to the corresponding bin.', 'Why it is important': 'This method helps to transform continuous data into categorical data, which can improve model interpretability and performance.', 'Its typical applications': 'KBinsDiscretizer is commonly used in preprocessing steps before applying machine learning algorithms, especially when dealing with continuous features.'}","KBinsDiscretizer is classified as Unsupervised Learning because it transforms the data without using a target variable. It is classified as Dimensionality Reduction because it reduces the number of unique values for each feature. It uses Optimization Methods to find the optimal bins, and Linear Models to calculate the bin boundaries.",
KernelDensity,Unsupervised Learning,Density Estimation,"['Probabilistic Methods', 'Density-Based Methods']","['Function', 'Algorithm']",100,"['Kernel Density is a non-parametric method for estimating the probability density function of a random variable.', 'It works by using a weighted sum of kernel functions centered at each data point, with weights determined by the kernel bandwidth and the distance between points.', 'Kernel Density Estimation is important because it allows us to model complex distributions without assuming a specific functional form.', 'Its typical applications include visualizing data distributions, hypothesis testing, and density estimation in various fields such as finance, engineering, and social sciences.']","The method involves estimating the probability density function of a random variable, which aligns with Unsupervised Learning. It is also related to Density Estimation, which is its primary objective.",
KernelPCA,Unsupervised Learning,Dimensionality Reduction,Kernel-Based Models,"['Technique', 'Transformation']",80,"['Kernel PCA is a dimensionality reduction technique that uses the kernel trick to project high-dimensional data onto a lower-dimensional space.', 'It works by first mapping the input data into a higher-dimensional feature space using a non-linear transformation, and then applying standard PCA to this transformed data.', 'This method is important because it allows for effective dimensionality reduction of non-linear relationships in data, which can improve the performance of downstream machine learning algorithms.', 'Kernel PCA is commonly used in applications such as image recognition, text classification, and gene expression analysis.']","KernelPCA uses a kernel function to transform the input data into a higher-dimensional space, making it suitable for non-linear dimensionality reduction. It also employs a linear transformation (PCA) on this transformed data, which aligns with the characteristics of neural networks and kernel-based models.",
Kernel Ridge Regression,Supervised Learning,Regression,"['Linear Models', 'Kernel-Based Models']",['Model'],90,"{'What the analytical method is': 'Kernel Ridge Regression is a type of regression algorithm that uses a kernel function to map data into a higher-dimensional space.', 'How it works': 'It combines the strengths of linear models and kernel-based methods by using a ridge regression model in the feature space induced by the kernel.', 'Why it is important': 'Kernel Ridge Regression is useful for handling high-dimensional or complex data where traditional linear models fail.', 'Its typical applications': 'It is often used in tasks such as time series forecasting, image classification, and recommender systems.'}","KernelRidge is a supervised learning method that solves regression problems using a kernel-based approach. It combines linear models with kernel methods, making it a probabilistic computational approach.",
KNeighborsRegressor,Supervised Learning,Regression,"['Instance-Based Models', 'Nearest Neighbor Methods']","['Model', 'Algorithm', 'Technique']",100,"KNeighborsRegressor is a type of regression algorithm. It works by finding the k most similar instances to a new instance and using their target values as predictions. This method is important because it can handle complex relationships between variables and provide accurate predictions. KNeighborsRegressor is typically used for time series forecasting, stock price prediction, and other applications where continuous output is needed.",KNeighborsRegressor is supervised learning because it requires labeled training data to make predictions. It is a regression algorithm because its primary objective is to predict a continuous target variable. The instance-based model and nearest neighbor methods are applicable computational approaches because KNeighborsRegressor uses the similarity between instances to make predictions.,
KNNImputer,Unsupervised Learning,Missing Value Imputation,Instance-Based Models,"['Technique', 'Function']",100,"{'What the analytical method is': 'KNNImputer is a technique used in missing value imputation.', 'How it works': 'It works by replacing missing values with values from similar instances, based on their distance or similarity.', 'Why it is important': 'This is important because missing values can significantly affect model performance and accuracy.', 'Its typical applications': 'KNNImputer is typically used in datasets with missing values that need to be imputed before being used for modeling.'}",The Learning Paradigm is Unsupervised Learning because KNNImputer works without the presence of a target variable. The Learning Objective is Missing Value Imputation because it aims to replace missing values in the dataset.,
LARS,Supervised Learning,Regression,Linear Models,['Algorithm'],90,"['LARS stands for Least Angle Regression Scoring. It is a regularization method used in linear regression.', 'It works by adding the features one at a time, using a L1 penalty to select the most important ones and minimize overfitting.', 'LARS is an important tool in reducing dimensionality and improving model interpretability.', 'It is typically applied in high-dimensional datasets where there are many correlated features.']","[""The choice of 'Supervised Learning' is because LARS uses labeled data to train the regression model."", 'LARS solves a Regression problem, which involves predicting a continuous output variable.', 'Its computational approach relies on Gradient-Based Methods and Optimization Methods, as it iteratively minimizes the loss function using gradient descent.', 'Lastly, LARS can be classified as an Algorithm, as it is a specific implementation of a linear regression method.']",
LarsCV,Supervised Learning,Regression,"['Optimization Methods', 'Gradient-Based Methods']",['Algorithm'],90,"{'What the analytical method is': 'LarsCV (Least Angle Regression with Cross-Validation) is an algorithm for linear regression and classification.', 'How it works': 'It works by finding the optimal subset of features that are most relevant to the response variable, using a combination of least angle regression and cross-validation.', 'Why it is important': 'LarsCV is important because it provides a robust and efficient way to select relevant features in high-dimensional data, improving model interpretability and performance.', 'Its typical applications': 'It is typically applied in high-dimensional regression problems, such as gene expression analysis or image classification.'}",LarsCV is classified as Supervised Learning because it is trained on labeled data to predict a continuous outcome. It is classified as Regression because its primary objective is to model the relationship between predictor variables and a continuous response variable.,
LassoCV,Supervised Learning,Regression,"['Linear Models', 'Gradient-Based Methods']","['Algorithm', 'Model']",90,"{'What the analytical method is': 'LassoCV is a type of linear regression model that uses regularization to reduce overfitting.', 'How it works': 'It adds a penalty term to the loss function, which encourages weights to be small. The amount of penalty is determined by a hyperparameter, often referred to as lambda (λ).', 'Why it is important': 'LassoCV is useful for high-dimensional data where many features are correlated with the target variable. It reduces overfitting and improves model generalizability.', 'Its typical applications': 'It is commonly used in feature selection and dimensionality reduction tasks, such as selecting a subset of relevant features from a large set.'}",LassoCV is classified as Supervised Learning because it learns to predict the target variable based on input features. It is classified as Regression because its primary objective is to model the relationship between continuous variables.,
LassoLars,Supervised Learning,Regression,Linear Models,['Algorithm'],100,"LassoLars is a regularization technique used in linear regression. It works by adding an L1 penalty term to the loss function, which encourages the model to set some of the coefficients to zero. This makes it useful for feature selection and reducing overfitting. LassoLars is often used in applications such as prediction, forecasting, and modeling relationships between variables.",LassoLars is a supervised learning method that solves regression problems using gradient-based methods and linear models.,
LassoLarsCV,Supervised Learning,Regression,Linear Models,['Algorithm'],100,"['The LassoLarsCV method is a linear regression model that uses the Least Absolute Shrinkage and Selection Operator (LASSO) algorithm with cross-validation.', 'It works by adding an L1 regularization term to the linear regression loss function, which reduces overfitting by setting some coefficients to zero.', 'The importance of this method lies in its ability to handle high-dimensional data by automatically selecting a subset of relevant features and providing interpretable results.', 'LassoLarsCV is typically used for predicting continuous outcomes in fields such as biology, economics, or social sciences.']","This classification applies because LassoLarsCV is a method that learns from labeled data (Supervised Learning) to predict continuous outcomes (Regression). It uses a linear model with gradient-based optimization (Linear Models and Gradient-Based Methods), making it an algorithmic technique.",
LatentDirichletAllocation,Unsupervised Learning,Dimensionality Reduction,"['Probabilistic Methods', 'Latent Variable Methods']",['Technique'],100,"{'What the analytical method is': 'Latent Dirichlet Allocation (LDA) is a topic modeling technique that represents documents as mixtures of topics.', 'How it works': 'It uses an iterative process to update the topic distributions and word probabilities, resulting in a probabilistic model of the document.', 'Why it is important': 'LDA allows for dimensionality reduction by identifying underlying themes or topics within a large corpus of text.', 'Its typical applications': 'LDA is commonly used in text analysis, information retrieval, and natural language processing tasks.'}",LDA fits the unsupervised learning paradigm as it does not rely on labeled data. Its primary objective is to reduce dimensionality by identifying underlying topics within a document corpus. The probabilistic approach is evident through its use of probability distributions for topic assignments and word probabilities.,
LinearSVR,Supervised Learning,Regression,"['Linear Models', 'Gradient-Based Methods']","['Algorithm', 'Model']",100,"{'1. What the analytical method is': 'LinearSVR (Support Vector Regression) is a linear regression algorithm that uses support vectors to find the best-fitting hyperplane.', '2. How it works': 'It minimizes the loss function using gradient descent and finds the optimal weights for the regression model.', '3. Why it is important': 'LinearSVR is useful when there are multiple features and we want to reduce the dimensionality while preserving as much information as possible.', '4. Its typical applications': 'LinearSVR can be used in stock market analysis, traffic prediction, energy consumption forecasting, etc.'}",The classification rationale applies because LinearSVR is a supervised learning algorithm that solves regression problems by using linear models and gradient-based methods to minimize the loss function.,
LocalOutlierFactor,Unsupervised Learning,Anomaly Detection,"['Density-Based Methods', 'Instance-Based Models']",['Algorithm'],90,"{'What the analytical method is': 'LocalOutlierFactor (LOF) is a density-based anomaly detection algorithm that identifies outliers in a dataset.', 'How it works': 'It calculates a local density ratio for each point, comparing its proximity to neighbors with that of points in the surrounding area. Points with higher ratios are considered outliers.', 'Why it is important': 'LOF helps identify unusual patterns and anomalies within data, which can be useful in applications such as fraud detection or network intrusion prevention.', 'Its typical applications': ""LOF is commonly used for anomaly detection tasks where there's a high dimensionality of features.""}","LocalOutlierFactor fits into the unsupervised learning paradigm since it doesn't require labeled data to identify outliers. Its primary objective is anomaly detection, and it utilizes density-based methods with instance-based models.",
LogisticRegressionCV,Supervised Learning,Classification,"['Linear Models', 'Probabilistic Methods']","['Model', 'Algorithm']",100,"{'1. What the analytical method is': 'LogisticRegressionCV is a variant of logistic regression that uses cross-validation to select the best model.', '2. How it works': 'It iteratively trains and evaluates models on different subsets of the data, choosing the model with the lowest validation error.', '3. Why it is important': 'This approach helps prevent overfitting by selecting a model that generalizes well to new data.', '4. Its typical applications': 'LogisticRegressionCV is often used in binary classification problems, such as spam detection or credit risk assessment.'}","The method uses cross-validation and chooses the best model based on its performance on unseen data, making it a supervised learning approach for classification.",
MDS,Unsupervised Learning,Dimensionality Reduction,"['Probabilistic Methods', 'Optimization Methods']",['Technique'],80,"['Multidimensional Scaling (MDS) is a technique used to convert high-dimensional data into lower-dimensional space, preserving the pairwise distances between objects.', 'It works by computing the Euclidean distances between all pairs of points in the high-dimensional space and then applying an optimization algorithm to minimize the stress function, which measures the difference between the original distances and the distances in the low-dimensional space.', 'MDS is important because it allows us to visualize high-dimensional data in a lower-dimensional space, making it easier to understand and interpret. It also helps to identify patterns and relationships in the data that may not be apparent in the high-dimensional space.', 'Typical applications of MDS include dimensionality reduction, clustering, classification, and visualization in various fields such as computer science, biology, social sciences, and marketing.']",MDS is classified as Unsupervised Learning because it does not require labeled training data. It is classified as Dimensionality Reduction because its primary objective is to reduce the number of features or dimensions in the data while preserving the pairwise distances between objects. The Probabilistic Methods and Optimization Methods computational approaches are applicable because MDS involves computing probabilities and optimizing an objective function.,
MinCovDet,Unsupervised Learning,Anomaly Detection,"['Density-Based Methods', 'Probabilistic Methods']","['Algorithm', 'Technique']",90,"{'What the analytical method is': 'MinCovDet is a statistical algorithm used for outlier detection.', 'How it works': 'It estimates the covariance matrix of the data and identifies points with low Mahalanobis distance, indicating anomalies.', 'Why it is important': 'Outlier detection is crucial in many applications to identify errors or unusual patterns in data.', 'Its typical applications': 'MinCovDet is used in various domains, including finance, healthcare, and network intrusion detection.'}",The algorithm's unsupervised nature and focus on outlier detection justify the selected categories. Its reliance on density estimation and probabilistic methods supports the Computational Approach classification.,
MiniBatchDictionaryLearning,Unsupervised Learning,Dimensionality Reduction,Matrix Factorization,['Technique'],90,"{'What the analytical method is': 'MiniBatchDictionaryLearning is a variant of dictionary learning that uses mini-batches to speed up the training process.', 'How it works': 'It works by iteratively updating the dictionary and the coefficients using a gradient descent algorithm, where each update step involves computing the gradients with respect to the dictionary and coefficients for a random subset of the data points (the mini-batch).', 'Why it is important': 'MiniBatchDictionaryLearning is an efficient way to learn a sparse representation of the data, which can be useful in applications such as image compression or feature extraction.', 'Its typical applications': 'It has been used in various applications such as image processing, speech recognition and natural language processing.'}","The method is classified as unsupervised learning because it does not require any labeled data to learn the dictionary. The primary objective of the method is dimensionality reduction, which involves finding a lower-dimensional representation of the data that captures most of its variability. The computational approach involves kernel-based models and probabilistic methods, which are used to update the dictionary and coefficients using gradient descent.",
MiniBatchNMF,Unsupervised Learning,Dimensionality Reduction,['Matrix Factorization'],"['Technique', 'Model']",90,"MiniBatchNMF is a dimensionality reduction technique. It works by factorizing a matrix into two low-rank matrices using an alternating least squares algorithm, where each iteration uses a mini-batch of data to update the factors. This method is important for reducing the number of features in high-dimensional data while preserving the relationships between them. MiniBatchNMF is typically applied to text and image datasets.","MiniBatchNMF belongs to unsupervised learning as it doesn't require labeled data for training, and its primary goal is to identify patterns or structure in the input data without any external guidance. It's used for dimensionality reduction, which is a common problem in machine learning where high-dimensional data needs to be compressed into lower dimensions while retaining most of the information.",
MiniBatchSparsePCA,Unsupervised Learning,Dimensionality Reduction,"Linear Models, Matrix Factorization",['Algorithm'],100,"{'What the analytical method is': 'MiniBatchSparsePCA is a variant of Principal Component Analysis (PCA) that uses mini-batch gradient descent and sparse approximation to reduce dimensionality.', 'How it works': 'It works by iteratively projecting high-dimensional data onto a lower-dimensional subspace using a random subset of samples, while simultaneously enforcing sparsity constraints on the loading vectors.', 'Why it is important': 'This method is useful for large-scale datasets where PCA would be computationally expensive due to its quadratic complexity. MiniBatchSparsePCA also allows for more flexible and interpretable dimensionality reduction compared to traditional PCA.', 'Its typical applications': 'MiniBatchSparsePCA can be applied in a variety of fields, such as image recognition, natural language processing, and gene expression analysis, where high-dimensional data needs to be reduced while preserving important features.'}","MiniBatchSparsePCA combines the advantages of PCA (dimensionality reduction) with sparse approximation and mini-batch gradient descent, making it suitable for unsupervised learning. It also shares similarities with neural networks in terms of its use of linear projections.",
MultiOutputClassifier,Supervised Learning,Classification,['Ensemble Models'],['Model'],100,"{'1. What the analytical method is': 'MultiOutputClassifier is a type of machine learning model that can handle multi-output problems, where multiple target variables are predicted simultaneously.', '2. How it works': 'It combines the predictions of multiple base models to produce an ensemble prediction for each target variable, using techniques such as bagging or boosting.', '3. Why it is important': 'MultiOutputClassifier allows for more accurate and robust predictions in problems with multiple outputs, by leveraging the strengths of individual models and reducing overfitting.', '4. Its typical applications': 'It can be used in a wide range of applications, including multi-class classification, regression, and anomaly detection.'}",MultiOutputClassifier is classified as supervised learning because it relies on labeled training data to make predictions. It is also classified as a classification problem because its primary objective is to predict class labels or probabilities for multiple target variables.,
MultiOutputRegressor,Supervised Learning,Regression,Linear Models,"['Algorithm', 'Model']",100,MultiOutputRegressor is a type of ensemble algorithm that combines the predictions from multiple base models to make predictions for multiple target variables. It works by training multiple base models on the input data and then combining their predictions using a combination function such as mean or product. This approach allows for accurate modeling of complex relationships between inputs and outputs in multi-output regression tasks. MultiOutputRegressor is particularly useful in applications where there are multiple related but distinct output variables that need to be predicted.,"MultiOutputRegressor is classified as Supervised Learning because it relies on labeled training data to make predictions. It is classified as Regression because its primary objective is to predict continuous-valued outputs. Its computational approach involves both ensemble modeling and linear modeling, making Ensemble Models and Linear Models applicable categories.",
MultiTaskElasticNet,Supervised Learning,Regression,Linear Models,"['Model', 'Algorithm']",90,"['MultiTaskElasticNet is a machine learning algorithm that combines the benefits of multi-task learning with the regularization capabilities of elastic net regression.', 'It works by solving multiple related tasks simultaneously, leveraging their shared features to improve performance on each task while reducing overfitting.', 'This approach is important because it allows for more accurate and robust predictions in scenarios where multiple related tasks need to be modeled, such as multi-task learning or transfer learning applications.', 'Typical applications of MultiTaskElasticNet include but are not limited to, multi-label classification, regression problems with correlated outputs, feature selection, and model interpretation.']","MultiTaskElasticNet is a supervised learning method that falls under the category of linear models due to its use of elastic net regularization, while also utilizing ensemble methods by solving multiple related tasks simultaneously.",
MultiTaskElasticNetCV,Supervised Learning,Regression,"['Gradient-Based Methods', 'Linear Models']",['Algorithm'],90,"{'1. What the analytical method is': 'MultiTaskElasticNetCV is a variant of Elastic Net regularization that can be used for multi-task learning.', '2. How it works': 'It combines the strengths of L1 and L2 regularization to perform both feature selection and shrinkage, while also handling multiple related tasks simultaneously.', '3. Why it is important': 'MultiTaskElasticNetCV is useful when there are multiple related tasks that need to be learned from a single dataset, as it can improve performance by leveraging the relationships between tasks.', '4. Its typical applications': 'It has applications in areas such as healthcare and finance, where multiple related tasks may need to be predicted or classified.'}","MultiTaskElasticNetCV is classified as a Supervised Learning method because it requires labeled data for training, and its objective is to make predictions on new, unseen instances. The fact that it can handle multiple related tasks simultaneously suggests that the primary analytical problem it is intended to solve is Regression.",
MultiTaskLasso,Supervised Learning,Regression,"['Linear Models', 'Gradient-Based Methods']",['Model'],90,"['MultiTaskLasso is a type of linear regression model that can learn multiple related tasks simultaneously.', 'It works by adding a L1 regularization term to the loss function, which encourages sparse solutions and selects a subset of features for each task.', 'This is important because it allows for simultaneous learning of multiple related tasks, improving generalization and reducing overfitting.', 'Typically applied in multi-task learning scenarios where there are multiple related regression tasks.']",MultiTaskLasso combines the strengths of linear models and gradient-based methods to learn multiple regression tasks simultaneously.,
MultiTaskLassoCV,Supervised Learning,Regression,Linear Models,"['Algorithm', 'Model']",90,"['MultiTaskLassoCV is a machine learning algorithm that can handle multiple regression tasks simultaneously.', 'It works by minimizing the l1 regularization term to induce sparsity and prevent overfitting.', 'This method is important because it allows for efficient handling of multiple related tasks with shared features.', 'Typically, it is applied in situations where there are multiple correlated outcomes that need to be predicted.']","MultiTaskLassoCV is a supervised learning algorithm designed for regression tasks, which involves ensemble and linear modeling techniques. Its ability to handle multiple regression tasks simultaneously aligns with its application as both an algorithm and model.",
Nearest Centroid,Supervised Learning,Classification,"['Instance-Based Models', 'Centroid-Based Methods']",['Algorithm'],95,"['The Nearest Centroid algorithm is a type of instance-based classifier.', 'It works by finding the centroid (mean) of each class in the training set and then classifying new instances based on their proximity to these centroids.', 'This method is important because it provides an efficient way to classify new instances, especially when the number of features is high.', 'Typical applications include text classification, image classification, and gene expression analysis.']","The Nearest Centroid algorithm falls under supervised learning as it requires labeled training data. It is used for classification tasks, where the goal is to predict a class label for new instances. The instance-based nature of this method makes it suitable for Instance-Based Models and Centroid-Based Methods.",
NearestNeighbors,Unsupervised Learning,Information Retrieval,"['Instance-Based Models', 'Similarity-Based Methods']","['Algorithm', 'Technique']",90,"{'What the analytical method is': 'NearestNeighbors is a machine learning algorithm that identifies the closest instances to each other in the feature space.', 'How it works': 'It uses a distance metric (e.g., Euclidean or Manhattan) to measure the similarity between data points and assigns each point to its nearest neighbor cluster.', 'Why it is important': 'NearestNeighbors helps to identify patterns, anomalies, and groupings in data by capturing complex relationships among instances.', 'Its typical applications': 'Clustering customers based on purchase behavior, identifying similar genomic profiles for disease diagnosis, or recommending products based on user preferences.'}","The NearestNeighbors method is classified as an Unsupervised Learning algorithm because it identifies patterns and groupings without prior labels. It falls under the Instance-Based Models category due to its reliance on instance similarity measures, and Similarity-Based Methods for capturing proximity relationships among data points.",
NuSVC,Supervised Learning,Classification,Kernel-Based Models,['Model'],100,"{'What the analytical method is': 'NuSVC (One-class Support Vector Machine) is a variant of support vector machines that can be used for one-class classification and novelty detection.', 'How it works': 'It finds a hyperplane in the feature space that separates the data from the origin, allowing for the identification of new, unseen instances as anomalies.', 'Why it is important': 'NuSVC is useful when dealing with imbalanced datasets or when the class of interest is not well-represented, and traditional classification algorithms are not effective.', 'Its typical applications': 'Anomaly detection, novelty detection, and one-class classification in various domains such as finance, network intrusion detection, and medical diagnosis.'}","NuSVC combines the strengths of Support Vector Machines (SVM) with the ability to handle imbalanced datasets, making it a suitable choice for anomaly detection tasks.",
Nystroem,Unsupervised Learning,Dimensionality Reduction,['Kernel-Based Models'],['Technique'],90,"{'What the analytical method is': 'Nystroem is a technique for dimensionality reduction that uses random feature mapping to project high-dimensional data onto a lower-dimensional space.', 'How it works': 'It works by selecting a subset of features from the original dataset and using them as input to a kernel-based model. The model then learns a non-linear transformation of the selected features, allowing it to preserve the most important information in the original data.', 'Why it is important': 'Nystroem is an important technique for dimensionality reduction because it can handle large datasets with complex relationships between variables. It is particularly useful when working with high-dimensional data where traditional methods may not be effective.', 'Its typical applications': 'Nystroem has many typical applications in machine learning, including clustering, classification, and regression tasks.'}",Nystroem is classified as Unsupervised Learning because it does not require labeled training data. It is classified as Dimensionality Reduction because its primary objective is to reduce the number of features in a dataset while preserving important information. The use of kernel-based models makes it applicable to Kernel-Based Models.,
OAS,Supervised Learning,Classification,['Optimization Methods'],"['Algorithm', 'Technique']",80,"['OAS is a method for estimating the area of open channels, such as rivers or streams.', 'It works by analyzing the geometry and hydraulic properties of the channel to predict its area.', 'The importance of OAS lies in its ability to accurately model complex channel geometries and estimate water depths.', 'Typical applications include water resource management, flood prediction, and environmental impact assessments.']","OAS is a supervised learning method that classifies channels based on their geometric properties, which falls under the classification objective of 'Classification'. It uses optimization methods to achieve this, which is a key characteristic of its computational approach.",
OneClassSVM,Unsupervised Learning,Anomaly Detection,Kernel-Based Models,"['Algorithm', 'Model']",90,"{'What the analytical method is': 'OneClassSVM is a type of support vector machine (SVM) designed for unsupervised learning and anomaly detection.', 'How it works': 'It works by finding the decision boundary that maximizes the margin between inliers and outliers, assuming all data points belong to one class.', 'Why it is important': 'OneClassSVM is useful for detecting anomalies or outliers in a dataset, which can be critical in many applications such as fraud detection, network intrusion detection, and quality control.', 'Its typical applications': 'It is commonly used in finance, healthcare, manufacturing, and cybersecurity to identify unusual patterns or behavior.'}",OneClassSVM is classified as unsupervised learning because it does not require labeled training data. It is also classified as anomaly detection because its primary objective is to identify outliers in the data.,
OneVsOneClassifier,Supervised Learning,Classification,['Ensemble Models'],['Model'],100,"{'What the analytical method is': 'OneVsOneClassifier is a type of ensemble classifier that combines multiple binary classifiers to improve classification accuracy.', 'How it works': 'It trains a separate binary classifier for each pair of classes, and then uses a voting system to determine the final class label.', 'Why it is important': 'OneVsOneClassifiers can handle imbalanced datasets and provide more accurate results compared to single-classifier approaches.', 'Its typical applications': 'Image classification, text classification, and other multi-class classification problems where accuracy is crucial.'}","OneVsOneClassifier falls under supervised learning as it requires labeled data for training. The primary objective of OneVsOneClassifiers is to classify instances into one of multiple classes, which makes Classification the most appropriate learning objective. Its ensemble nature and voting mechanism are characteristic of Ensemble Models, making this computational approach a clear fit.",
OneVsRestClassifier,Supervised Learning,Classification,"['Ensemble Models', 'Probabilistic Methods']",['Algorithm'],100,"[""OneVsRestClassifier is a machine learning algorithm that is used for multi-class classification problems. It works by training one classifier against each class in the problem, with all other classes combined into a single 'other' class."", 'The OneVsRest approach works by using a binary classifier to distinguish between a particular class and the rest of the classes.', 'It is an important algorithm because it can be used for problems where there are multiple classes and the goal is to identify which class a new instance belongs to.', 'OneVsRestClassifier is commonly used in applications such as spam detection, sentiment analysis, and image classification.']","The OneVsRestClassifier is classified under Supervised Learning because it uses labeled training data to make predictions. It is classified under Classification because its primary objective is to identify the class of a new instance. The Computational Approach is Ensemble Models because it combines multiple binary classifiers, and Probabilistic Methods because it makes use of probability estimates.",
OutputCodeClassifier,Supervised Learning,Classification,"['Rule-Based Models', 'Ensemble Models']","['Technique', 'Model']",95,"OutputCodeClassifier is a machine learning technique used for multi-class classification problems. It works by assigning output codes to classes, which are then combined into a single output vector. This approach is important because it allows for more efficient and effective handling of large numbers of classes. OutputCodeClassifier is typically applied in text classification tasks such as sentiment analysis or topic modeling.","OutputCodeClassifier is supervised learning technique that applies rule-based models and ensemble methods to achieve its objective, which is classification. It can be considered both a technique and a model because it provides a general framework for classification but also includes specific algorithms.",
PassiveAggressiveClassifier,['Supervised Learning'],['Classification'],"['Ensemble Models', 'Kernel-Based Models']","['Algorithm', 'Model']",100,"['The PassiveAggressiveClassifier is a machine learning algorithm used for binary classification.', 'It works by iteratively adjusting the model to minimize its error on the current sample, while ensuring that the total misclassification error remains below a certain threshold.', 'This method is important because it provides an efficient way to handle imbalanced datasets and avoid overfitting.', 'PassiveAggressiveClassifier is typically used in applications such as spam filtering, sentiment analysis, and image classification.']","['The PassiveAggressiveClassifier is a supervised learning algorithm that aims to classify instances into one of two categories.', 'Its primary objective is to minimize the misclassification error on the training data.', 'The algorithm uses an ensemble approach by combining multiple kernel-based models, which allows it to handle complex datasets and avoid overfitting.']",
PCA,Unsupervised Learning,Dimensionality Reduction,"['Probabilistic Methods', 'Linear Models']","['Technique', 'Transformation']",100,"['PCA is a dimensionality reduction technique that transforms high-dimensional data into lower-dimensional space.', 'It works by identifying the principal components of the data, which are the directions of maximum variance, and projects the data onto these components.', 'PCA is important because it helps to reduce the number of features in high-dimensional data while retaining most of the information content.', 'Typical applications include image compression, feature selection, and data visualization.']",PCA is an unsupervised learning method that aims to reduce dimensionality by identifying the principal components of the data. It uses probabilistic methods to find the directions of maximum variance and projects the data onto these components.,
PLSRegression,Supervised Learning,Regression,"['Linear Models', 'Gradient-Based Methods']",['Model'],95,"{'What the analytical method is': 'PLSRegression is a type of linear regression analysis that combines the principles of partial least squares (PLS) with regression.', 'How it works': 'It uses PLS to identify the underlying structure in the data and then applies regression to predict the target variable based on these components.', 'Why it is important': 'PLSRegression is an important technique for modeling complex relationships between multiple predictor variables and a single response variable.', 'Its typical applications': 'PLSRegression is commonly used in fields such as chemometrics, pharmaceuticals, and food science to analyze data from spectroscopic or chromatographic measurements.'}","The method uses supervised learning to predict the target variable based on multiple predictor variables, making it a regression task. The computational approach involves linear models and gradient-based methods, which are characteristic of PLSRegression.",
PLSSVD,Unsupervised Learning,Dimensionality Reduction,"['Matrix Factorization', 'Optimization Methods']","['Algorithm', 'Technique']",90,"PLSSVD is a dimensionality reduction algorithm that uses matrix factorization and optimization techniques to reduce the number of features in a dataset while preserving its underlying structure. It works by decomposing the covariance matrix into two matrices, which are then used to reconstruct the original data. This method is important because it can help to identify patterns and relationships in high-dimensional data. PLSSVD is typically applied in fields such as computer vision, natural language processing, and recommender systems.",PLSSVD is classified as unsupervised learning because it operates on unlabeled data without any prior knowledge or labels. It is classified as dimensionality reduction because its primary goal is to reduce the number of features in a dataset while preserving its underlying structure. Matrix factorization and optimization are used as computational approaches because they are essential components of the PLSSVD algorithm.,
Polynomial Count Sketch,Unsupervised Learning,Dimensionality Reduction,"['Sampling Methods', 'Graph-Based Methods']","['Technique', 'Transformation']",90,"{'What the analytical method is': 'Polynomial Count Sketch is a technique used for dimensionality reduction and sketching.', 'How it works': 'It uses polynomial hash functions to transform high-dimensional data into a lower-dimensional space, capturing key features of the original data.', 'Why it is important': 'It enables efficient processing and analysis of large datasets by reducing their dimensionality without losing critical information.', 'Its typical applications': 'Polynomial Count Sketch is commonly used in streaming algorithms, data mining, and machine learning tasks such as clustering and classification.'}","Polynomial Count Sketch fits the Unsupervised Learning paradigm since it does not require labeled data. It aims to reduce dimensionality, which aligns with the Dimensionality Reduction objective.",
PolynomialFeatures,Supervised Learning,Preprocessing,['Linear Models'],"['Function', 'Transformation']",80,"['Polynomial Features is a function in scikit-learn that creates polynomial and interaction features of the input data.', 'It works by computing all possible combinations of the input variables, up to a specified degree.', 'This method is important for enabling linear models to learn nonlinear relationships between features.', 'Typical applications include image classification, natural language processing, and time series forecasting.']","Polynomial Features is primarily used in supervised learning tasks as a preprocessing step to enable linear models to capture nonlinear patterns. Its primary objective is to preprocess the input data, making it suitable for Linear Models.",
Quadratic Discriminant Analysis,Supervised Learning,Classification,"['Linear Models', 'Probabilistic Methods']",['Model'],95,"{'1. What the analytical method is': 'Quadratic Discriminant Analysis (QDA) is a parametric statistical technique used for classification and regression.', '2. How it works': 'It calculates the probability of each class given the observed data and then selects the class with the highest posterior probability.', '3. Why it is important': 'QDA provides more accurate results when there are multiple features in the data, unlike Linear Discriminant Analysis (LDA).', '4. Its typical applications': 'It is commonly used for disease diagnosis, credit scoring, and marketing segmentation.'}",The method relies on probabilistic inference to classify new instances based on learned parameters.,
QuantileRegressor,Supervised Learning,Regression,"Linear Models, Optimization Models","['Model', 'Function']",90,"{'1. What the analytical method is': 'QuantileRegressor is a type of regression algorithm that estimates the quantiles of a target variable.', '2. How it works': 'It uses gradient-based optimization to minimize the pinball loss function, which measures the accuracy of the predicted quantiles.', '3. Why it is important': 'QuantileRegressor provides more accurate predictions than traditional mean regression and can handle non-normal residuals.', '4. Its typical applications': 'It is commonly used in finance for risk assessment and in medical research for modeling disease progression.'}",QuantileRegressor is a supervised learning method designed to solve regression problems using gradient-based optimization and ensemble models.,
RadiusNeighborsClassifier,Supervised Learning,Classification,"['Instance-Based Models', 'Nearest Neighbor Methods']","['Model', 'Function']",100,"{'What the analytical method is': 'RadiusNeighborsClassifier is a supervised learning algorithm used for classification tasks.', 'How it works': 'It works by finding the closest neighbors to each data point and using their labels as the predicted label. The radius around each data point is used to determine which points are considered neighbors.', 'Why it is important': 'This method is useful when there are many classes in the data, as it can handle multiple classes and provide a robust classification.', 'Its typical applications': 'RadiusNeighborsClassifier is typically applied to problems with high-dimensional feature spaces or when there is need for robustness against noise in the training set.'}","The RadiusNeighborsClassifier uses instance-based learning, where it finds the closest neighbors and predicts the label based on their majority vote. It also involves nearest neighbor methods as it relies on finding the closest points to each data point.",
RadiusNeighborsRegressor,Supervised Learning,Regression,"['Instance-Based Models', 'Nearest Neighbor Methods']","['Algorithm', 'Model']",100,"['RadiusNeighborsRegressor is a machine learning algorithm that uses k-nearest neighbors to make predictions for continuous outcomes.', 'It works by finding the k nearest neighbors for each data point and using their average value as the prediction.', 'This method is important because it can be used when there are no clear boundaries between classes or if the relationship between features and target variable is non-linear.', 'RadiusNeighborsRegressor has typical applications in finance, economics, and other fields where predicting continuous outcomes is necessary.']","The algorithm uses nearest neighbors to make predictions, indicating Instance-Based Models and Nearest Neighbor Methods. It also predicts continuous outcomes, aligning with the Regression objective. As it can be used as a standalone model or part of an ensemble, both Algorithm and Model are applicable.",
RandomForestRegressor,Supervised Learning,Regression,"['Ensemble Models', 'Tree-Based Models']",['Model'],100,"['RandomForestRegressor is a type of machine learning algorithm that combines multiple decision trees to improve the accuracy and robustness of regression predictions.', 'It works by building multiple decision trees on different subsets of the data and combining their predictions using an averaging method.', ""This approach helps to reduce overfitting and improves the model's ability to generalize to new, unseen data."", 'RandomForestRegressor is commonly used in applications such as stock price prediction, demand forecasting, and quality control.']","RandomForestRegressor is a supervised learning algorithm designed for regression tasks. It combines multiple decision trees using ensemble methods, which makes it both an Ensemble Model and a Tree-Based Model. As it is a reusable computational artifact trained on data, it is also classified as a Model.",
RandomizedSearchCV,Supervised Learning,Hyperparameter Tuning/Selection,"['Optimization Methods', 'Ensemble Models']",['Algorithm'],90,"['RandomizedSearchCV is a Python function used for hyperparameter tuning of machine learning models.', 'It works by randomly sampling the hyperparameter space and evaluating each combination on a validation set, returning the best-performing combination.', 'Hyperparameter tuning is important because it allows us to optimize the performance of our models by adjusting parameters that control their behavior.', 'RandomizedSearchCV is commonly used in the final stages of model development to fine-tune hyperparameters for improved performance.']","RandomizedSearchCV is a supervised learning method designed for hyperparameter tuning, which is an optimization problem. It uses ensemble methods to search the hyperparameter space and can be considered as a type of algorithm.",
RANSACRegressor,Supervised Learning,Regression,"['Ensemble Models', 'Probabilistic Methods']","['Algorithm', 'Technique']",80,"{'What the analytical method is': 'RANSACRegressor is a regression algorithm that uses a random sample consensus (RANSAC) approach to estimate parameters of a linear model.', 'How it works': 'It iteratively selects a subset of data points and estimates the model parameters, then evaluates how well the model fits the entire dataset. The process repeats until a predetermined number of iterations or until convergence is achieved.', 'Why it is important': 'RANSACRegressor is robust to outliers and can handle noisy data, making it useful for regression tasks where the relationship between input features and target variable may be non-linear.', 'Its typical applications': 'This algorithm is commonly used in computer vision, robotics, and autonomous systems, particularly in cases where there are many outliers or where the relationship between variables is not linear.'}","The method uses a probabilistic approach to estimate model parameters, making Ensemble Models and Probabilistic Methods applicable. As it's a specific algorithm designed for regression tasks, Algorithm and Technique are suitable analytical object types.",
Recurrent Neural Network,Supervised Learning,"Regression, Time Series Forecasting, Representation Learning","['Neural Networks', 'Gradient-Based Methods']",['Model'],100,"['A Recurrent Neural Network (RNN) is a type of artificial neural network used in machine learning and deep learning.', 'It works by using the output from previous time steps to inform its predictions at the next time step, allowing it to learn complex patterns over sequences of data.', 'RNNs are important because they can model long-term dependencies in sequential data, such as speech, text, or financial time series.', 'Typical applications include natural language processing, speech recognition, and financial forecasting.']","['The method is a type of supervised learning because it learns from labeled training data to make predictions on new, unseen data.', 'RNNs are used for regression and time series forecasting, as well as representation learning, which involves learning compact representations of data that capture its essential features.']",
RegressorChain,Supervised Learning,Regression,"['Gradient-Based Methods', 'Ensemble Models']",['Model'],90,"['RegressorChain is a machine learning method that uses a chain of regression models to predict continuous outcomes.', 'It works by training each model in the chain to predict the outcome, and then using the predictions from each model as input to the next model in the chain.', 'RegressorChain is important because it can handle complex relationships between features and improve prediction accuracy compared to single-model approaches.', 'Typical applications of RegressorChain include forecasting, demand estimation, and modeling continuous outcomes in business, finance, and scientific domains.']","RegressorChain uses supervised learning to train a chain of regression models, making it suitable for regression tasks. Its use of gradient-based optimization and ensemble methods also aligns with the specified computational approaches.",
RidgeClassifier,Supervised Learning,Classification,"['Linear Models', 'Gradient-Based Methods']","['Model', 'Algorithm']",90,"['The RidgeClassifier is a type of linear classifier that uses L2 regularization to prevent overfitting.', 'It works by minimizing the squared loss between predicted and actual values, while also penalizing large weights with a term proportional to their magnitude.', 'This method is important because it allows for accurate regression predictions even in high-dimensional spaces or when there are redundant features.', 'The RidgeClassifier is typically used in applications such as stock price prediction, time series forecasting, and recommender systems.']","The RidgeClassifier belongs to the Supervised Learning paradigm since it learns from labeled data. It aims to solve Regression problems by predicting continuous values. Its computational approach involves Linear Models and Gradient-Based Methods, which are used to minimize the squared loss and regularize large weights.",
RidgeClassifierCV,Supervised Learning,Classification,Linear Models,"['Algorithm', 'Model']",100,"['RidgeClassifierCV is a type of linear classifier that uses L2 regularization to prevent overfitting.', 'It works by minimizing the loss function with L2 penalty, which helps to reduce overfitting and improve generalization.', 'The importance of RidgeClassifierCV lies in its ability to handle high-dimensional data and avoid overfitting, making it suitable for real-world classification tasks.', 'Typical applications include text classification, image classification, and recommender systems.']","RidgeClassifierCV is a supervised learning algorithm that uses linear models with L2 regularization to achieve its objective of classification. It combines the strengths of linear models and ensemble methods, making it suitable for high-dimensional data.",
SelectFdr,Supervised Learning,Feature Selection (LO),"['Optimization Methods', 'Probabilistic Methods']",['Technique'],80,"{'What the analytical method is': 'SelectFdr is a feature selection algorithm designed to control false discovery rates in high-dimensional data.', 'How it works': 'It uses a permutation-based approach to estimate the distribution of test statistics and select features that meet certain performance thresholds.', 'Why it is important': 'This technique is essential for identifying relevant features in large datasets, especially when dealing with multiple testing corrections.', 'Its typical applications': 'SelectFdr is commonly used in genomics, transcriptomics, and other high-throughput experiments to identify differentially expressed genes or transcripts.'}","SelectFdr is classified as a supervised learning method because it uses labeled data to estimate the distribution of test statistics. The technique is primarily designed for feature selection, which is a key aspect of many machine learning tasks.",
SelectFromModel,Supervised Learning,Feature Selection (LO),"['Tree-Based Models', 'Ensemble Models']",['Technique'],90,"['SelectFromModel is a feature selection technique that identifies the most relevant features in a dataset by analyzing the performance of different subsets.', 'It works by iteratively selecting and evaluating the importance of each feature, often using techniques such as random forests or support vector machines.', 'This method is important because it helps to reduce dimensionality and improve model interpretability, which can lead to better predictive models and more efficient use of resources.', 'SelectFromModel is typically applied in classification, regression, and clustering tasks where there are a large number of features and few samples.']","SelectFromModel is a supervised learning technique used for feature selection, which fits with the computational approach of Tree-Based Models and Ensemble Models. It also matches the analytical object type of Technique.",
SelectKBest,Supervised Learning,Feature Selection (LO),"['Optimization Methods', 'Linear Models']",['Technique'],90,"{'What the analytical method is': 'SelectKBest is a feature selection technique that identifies the most relevant features in a dataset.', 'How it works': 'It uses a heuristic search algorithm to find the optimal subset of k features that best explain the data, based on a measure such as mutual information or chi-squared statistics.', 'Why it is important': 'Feature selection is crucial in high-dimensional datasets where many irrelevant features can negatively impact model performance. SelectKBest helps to reduce the dimensionality of the feature space and improve model interpretability.', 'Its typical applications': 'SelectKBest is commonly used in classification, regression, and clustering tasks, particularly when dealing with large numbers of features.'}","SelectKBest falls under Unsupervised Learning as it does not require labeled data to select the most relevant features. Its primary objective is Feature Selection (LO), which is a fundamental task in machine learning.",
SelectPercentile,Supervised Learning,Feature Selection (LO),['Optimization Methods'],['Technique'],90,"{'1. What the analytical method is': 'SelectPercentile is a feature selection technique that selects features by choosing a specified percentage of the most informative features.', '2. How it works': 'It works by calculating the importance of each feature and selecting the top-scoring features based on a chosen percentile threshold.', '3. Why it is important': 'SelectPercentile is important because it can reduce dimensionality, improve model interpretability, and enhance predictive performance by focusing on the most relevant features.', '4. Its typical applications': 'It is typically applied in regression and classification problems where feature selection is necessary to prevent overfitting or to identify key drivers of the outcome.'}","SelectPercentile is a supervised learning technique that performs feature selection based on a percentile threshold, making it applicable under Supervised Learning. Its primary objective is Feature Selection (LO), as it aims to select the most informative features from a dataset.",
Sequential Feature Selector,Supervised Learning,Feature Selection (LO),['Optimization Methods'],['Algorithm'],100,"{'What the analytical method is': 'A sequential feature selector is a type of algorithm used to select the most relevant features in a dataset.', 'How it works': 'It iteratively adds or removes features based on their relevance to the target variable, using various optimization methods such as greedy search or Bayesian optimization.', 'Why it is important': 'Feature selection is crucial for preventing overfitting, improving model interpretability, and reducing computational costs. Sequential feature selectors can help identify the most relevant features in a dataset without relying on domain knowledge or manual feature engineering.', 'Its typical applications': 'Sequential feature selectors are commonly used in classification, regression, and clustering tasks, particularly when dealing with high-dimensional datasets or large numbers of irrelevant features.'}","The `SequentialFeatureSelector` is classified as a supervised learning method because it relies on labeled data to evaluate the relevance of each feature. It is primarily used for feature selection (LO), which involves selecting the most relevant subset of features from a larger set.",
SGDRegressor,Supervised Learning,Regression,"['Gradient-Based Methods', 'Linear Models']",['Algorithm'],100,"SGDRegressor is a type of regression algorithm. It works by minimizing the cost function using stochastic gradient descent, an optimization technique that adapts learning rate and regularization to converge quickly. SGDRegressor is important for its ability to handle large datasets efficiently and provide fast convergence times. Typical applications include predicting continuous outcomes in tasks such as demand forecasting and resource allocation.","SGDRegressor is a supervised learning method specifically designed for regression problems, which aligns with the provided Learning Paradigm and Objective. Its optimization approach and reliance on gradient descent also make it fit within the Gradient-Based Methods and Linear Models categories.",
ShrunkCovariance,Unsupervised Learning,Dimensionality Reduction,['Linear Models'],['Technique'],90,"ShrunkCovariance is a technique used to estimate the covariance matrix of a multivariate distribution. It works by shrinking the sample covariance towards the identity matrix, thereby reducing overfitting. ShrunkCovariance is important because it provides a robust and efficient way to estimate the covariance matrix, especially when dealing with small datasets or high-dimensional data. It has typical applications in finance, econometrics, and machine learning for tasks such as portfolio optimization and feature selection.",ShrunkCovariance is classified under Unsupervised Learning because it does not rely on labeled data to make predictions. It is classified under Dimensionality Reduction because its primary objective is to reduce the number of features in a dataset while retaining most of the information. The Linear Models computational approach applies because ShrunkCovariance uses linear algebra operations to estimate the covariance matrix.,
SparseCoder,Unsupervised Learning,Representation Learning,Linear Models,"['Algorithm', 'Technique']",90,"{'What the analytical method is': 'SparseCoder is a type of autoencoder neural network that uses sparse coding to learn compact and informative representations of data.', 'How it works': 'It works by encoding the input data into a lower-dimensional space using a linear transformation, followed by a non-linear activation function. The resulting representation is then decoded back into the original input space.', 'Why it is important': 'SparseCoder is an important method for representation learning because it can learn efficient and informative representations of high-dimensional data, which can be used in various applications such as feature extraction and dimensionality reduction.', 'Its typical applications': 'Typical applications include image and speech processing, where the goal is to extract meaningful features from complex data.'}","SparseCoder falls under Unsupervised Learning because it does not require labeled training data. It also falls under Representation Learning as its primary objective is to learn compact and informative representations of data. The method combines linear and neural network approaches, making Linear Models and Neural Networks applicable computational approaches. Finally, SparseCoder can be classified as both an Algorithm and a Technique due to its specific implementation.",
SparsePCA,Unsupervised Learning,Dimensionality Reduction,"['Linear Models', 'Probabilistic Methods']","['Algorithm', 'Technique']",90,"{'What the analytical method is': 'Sparse Principal Component Analysis (SparsePCA) is a dimensionality reduction technique that selects a subset of variables to retain in the analysis.', 'How it works': 'It uses sparse linear combinations of principal components to identify the most informative features while removing noise and redundant information.', 'Why it is important': 'SparsePCA helps avoid the curse of dimensionality, reduces overfitting, and improves interpretability by selecting a few key variables.', 'Its typical applications': ""It's often used in feature selection, gene expression analysis, and image processing.""}","SparsePCA is an unsupervised learning method that uses linear combinations to reduce dimensionality. It works by finding sparse weights for the principal components, which makes it a probabilistic approach. The technique reduces the dimensionality of data while selecting a subset of variables, making it both an algorithm and a technique.",
SparseRandomProjection,Unsupervised Learning,Dimensionality Reduction,"['Linear Models', 'Probabilistic Methods']",['Algorithm'],100,"{'What the analytical method is': 'SparseRandomProjection is a dimensionality reduction algorithm.', 'How it works': 'It uses random projection to reduce the dimensionality of the data while preserving the most important information.', 'Why it is important': 'It allows for efficient and effective dimensionality reduction in high-dimensional spaces, which can be useful in many applications such as clustering and classification.', 'Its typical applications': 'SparseRandomProjection has applications in various fields such as bioinformatics, image processing, and data mining.'}","The method is classified as Unsupervised Learning because it does not require labeled training data. It is classified as Dimensionality Reduction because its primary goal is to reduce the number of features while retaining the most important information. The computational approach includes Linear Models because random projection can be viewed as a linear transformation, and Probabilistic Methods because the algorithm relies on probabilistic principles.",
SpectralBiclustering,Unsupervised Learning,Clustering,"['Probabilistic Methods', 'Graph-Based Methods']","['Technique', 'Model']",90,"{'What the analytical method is': 'SpectralBiclustering is a technique used to identify clusters in bipartite graphs or matrices.', 'How it works': 'It does this by finding sets of rows and columns that are densely connected to each other, while being sparsely connected to the rest of the graph or matrix.', 'Why it is important': 'SpectralBiclustering is useful for identifying hidden patterns in bipartite data, such as gene-expression data or online social networks.', 'Its typical applications': 'It can be used for tasks like recommendation systems, community detection, and feature selection.'}",SpectralBiclustering is an unsupervised learning method that uses probabilistic graph-based methods to identify clusters in bipartite graphs or matrices. It is a technique that can be used as a model or framework for clustering.,
SpectralClustering,Unsupervised Learning,Clustering,Graph-Based Methods,"['Algorithm', 'Technique']",90,"['Spectral Clustering is a clustering algorithm that groups data points into clusters based on their spectral properties.', 'It works by constructing a similarity matrix and then applying eigendecomposition to identify the cluster structure.', 'This method is important as it can effectively handle high-dimensional and noisy data, and does not require any parameter tuning.', 'Spectral Clustering has typical applications in image segmentation, document clustering, and gene expression analysis.']","SpectralClustering is an unsupervised learning algorithm that performs clustering, which involves grouping similar data points together. The method uses density-based methods to identify cluster structures and can be viewed as a centroid-based technique.",
SpectralCoclustering,Unsupervised Learning,Clustering,"['Probabilistic Methods', 'Graph-Based Methods']","['Algorithm', 'Technique']",90,"{'What the analytical method is': 'SpectralCoclustering is a dimensionality reduction technique that combines spectral clustering and co-clustering.', 'How it works': 'It works by first performing spectral clustering to identify clusters in a high-dimensional space, and then applying co-clustering to identify patterns within these clusters.', 'Why it is important': 'This method is important because it can efficiently handle large datasets with complex relationships between features and samples.', 'Its typical applications': 'Typical applications include image segmentation, document clustering, and gene expression analysis.'}",SpectralCoclustering is classified as Unsupervised Learning because it identifies patterns in the data without prior knowledge of the clusters or relationships. It is classified as Clustering because its primary objective is to group similar samples together based on their features.,
SpectralEmbedding,Unsupervised Learning,Dimensionality Reduction,"['Graph-Based Methods', 'Embedding Methods']","['Algorithm', 'Technique']",80,"['Spectral Embedding is a dimensionality reduction algorithm that uses the eigenvectors of a matrix to embed high-dimensional data into lower-dimensional space.', 'It works by computing the top k eigenvectors of the graph Laplacian, which represent the directions of maximum variance in the data.', 'This technique is important because it allows for efficient representation of complex data and facilitates visualization, clustering, and other downstream tasks.', 'Spectral Embedding has applications in various fields such as computer vision, natural language processing, and network analysis.']","The selected categories apply due to the algorithm's unsupervised nature, focus on dimensionality reduction, graph-based computation, and embedding capabilities.",
StackingRegressor,Supervised Learning,Regression,"['Ensemble Models', 'Meta Models']","['Model', 'Technique']",95,"{'1. What the analytical method is': 'StackingRegressor is a type of ensemble learning model that combines the predictions from multiple base estimators to produce a more accurate final prediction.', '2. How it works': 'It uses a meta-estimator to combine the predictions from the base estimators, often using a voting scheme or averaging the predictions.', '3. Why it is important': 'StackingRegressor can improve the accuracy of regression models by combining the strengths of multiple base estimators and reducing their weaknesses.', '4. Its typical applications': 'It is commonly used in applications where there are multiple relevant features, such as financial forecasting, time series analysis, or recommender systems.'}","StackingRegressor combines the predictions from multiple base estimators, making it a type of Ensemble Model and Meta Model.",
SVR,Supervised Learning,Regression,Kernel-Based Models,['Model'],95,"SVR is a type of regression algorithm that predicts continuous output values. It works by finding the hyperplane in the feature space that maximizes the margin between classes, while minimizing the number of errors. SVR is important because it can handle high-dimensional data and non-linear relationships between features. Typical applications include predicting continuous outcomes such as stock prices, energy consumption, or weather forecasts.","SVR fits into Supervised Learning because it uses labeled training data to learn a regression model. It aims to predict continuous values, making Regression the primary objective. The computational approach involves using kernel functions and ensemble methods, which are characteristic of Kernel-Based Models and Ensemble Models.",
TruncatedSVD,Unsupervised Learning,Dimensionality Reduction,"['Linear Models', 'Matrix Factorization']",['Technique'],100,"{'What the analytical method is': 'TruncatedSVD (T-SVD) is a dimensionality reduction technique that uses singular value decomposition to reduce the dimensionality of high-dimensional data.', 'How it works': 'It works by decomposing the input matrix into three matrices: U, Σ, and V. The U and V matrices are orthogonal, and the Σ matrix contains the singular values in descending order. Truncated SVD then retains only a specified number of singular vectors (columns of U) and corresponding singular values.', 'Why it is important': 'TruncatedSVD is an effective way to reduce the dimensionality of data while preserving most of the information contained in the original data.', 'Its typical applications': 'It is commonly used in various applications such as text analysis, image processing, and recommendation systems.'}","Truncated SVD fits into the Unsupervised Learning paradigm because it doesn't require labeled data to function. It's primarily designed for dimensionality reduction, which aligns with its classification under Dimensionality Reduction in the Learning Objective category.",
t-SNE,Unsupervised Learning,Dimensionality Reduction,['Probabilistic Methods'],"['Technique', 'Algorithm']",90,"t-SNE is a dimensionality reduction technique. It works by learning a probability distribution over the input data that captures its structure, and then uses this probability distribution to embed it in a lower-dimensional space. t-SNE is an important method for visualizing high-dimensional data because it allows us to discover patterns and relationships in the data that are not immediately apparent at higher dimensions. It is commonly used in applications such as image processing, genetics, and machine learning.",t-SNE is a type of unsupervised learning technique that aims to reduce the dimensionality of the input data while preserving its structure and relationships.,
TunedThresholdClassifierCV,Supervised Learning,Classification,"['Ensemble Models', 'Probabilistic Methods']",['Model'],80,"{'What the analytical method is': 'TunedThresholdClassifierCV is a machine learning model that combines multiple threshold values to improve classification performance.', 'How it works': ""The model uses cross-validation to tune the threshold values and optimize the model's performance on the training data."", 'Why it is important': 'This approach helps avoid overfitting by optimizing the threshold value for each class, leading to improved generalization and accuracy.', 'Its typical applications': 'TunedThresholdClassifierCV can be applied in a wide range of classification tasks, including image classification, text classification, and spam detection.'}","The method is classified as Supervised Learning because it requires labeled training data to tune the threshold values. The primary objective is Classification, which involves predicting class labels for new, unseen instances. Ensemble Models are applicable due to the model's use of multiple threshold values and cross-validation, while Probabilistic Methods apply as the model generates probability distributions over classes.",
TweedieRegressor,Supervised Learning,Regression,"['Gradient-Based Methods', 'Probabilistic Methods']","['Model', 'Function']",100,"{'What the analytical method is': 'The TweedieRegressor is a type of regression model that can handle both continuous and count data.', 'How it works': 'It uses a probabilistic approach to predict the target variable, taking into account the distribution of the data.', 'Why it is important': 'This model is useful for predicting variables with skewed distributions, as it can handle overdispersion and underdispersion.', 'Its typical applications': 'The TweedieRegressor is often used in insurance, finance, and healthcare to predict quantities such as claims or losses.'}","The TweedieRegressor is a supervised learning method that solves regression problems. It uses a probabilistic approach, which is a gradient-based method, and can be seen as a type of model that provides a function for prediction.",
VotingRegressor,Supervised Learning,Regression,['Ensemble Models'],['Algorithm'],100,"A VotingRegressor is a type of regression algorithm that combines the predictions from multiple base estimators. It works by aggregating the predictions from each estimator using a voting mechanism, where the final prediction is determined by majority vote or weighted average. The VotingRegressor is important because it can improve the accuracy and robustness of regression models, especially when there are multiple relevant features. It is typically used in applications such as predicting continuous values in finance, healthcare, or engineering.","The VotingRegressor combines predictions from multiple base estimators, which is a hallmark of Ensemble Models. As a type of regression algorithm, it solves the Regression problem. Finally, it is an Algorithm because it implements a specific computational strategy for solving regression problems.",
XGBoost,Supervised Learning,Regression,"['Gradient-Based Methods', 'Ensemble Models']",['Model'],100,"{'What the analytical method is': 'XGBoost is a popular open-source library for building gradient boosting decision trees.', 'How it works': 'It combines multiple weak models to create a strong predictive model by minimizing an objective function.', 'Why it is important': 'XGBoost provides high accuracy and interpretability, making it widely used in industry and academia.', 'Its typical applications': 'It is commonly applied for regression and classification problems, particularly in finance, healthcare, and engineering.'}","XGBoost is a supervised learning algorithm that uses gradient boosting to combine multiple models, which classifies it as a Gradient-Based Methods and Ensemble Models. Its primary objective is to solve regression problems, making 'Regression' the most suitable learning objective.",
AdditiveChi2Sampler,Unsupervised Learning,Dimensionality Reduction,"['Probabilistic Methods', 'Sampling Methods']","['Technique', 'Model']",95,"['The Additive Chi2 Sampler is a statistical method for dimensionality reduction.', 'It works by using the chi-squared statistic to measure the independence of features, and then applying a sampling technique to select the most relevant ones.', 'This method is important because it can help reduce the curse of dimensionality in high-dimensional datasets, making it easier to analyze and visualize the data.', 'The typical applications of this method include text analysis, image processing, and network analysis.']","The Additive Chi2 Sampler uses probabilistic methods to measure feature independence and then applies sampling techniques to select relevant features. This approach is consistent with unsupervised learning, where the goal is to discover patterns or relationships in the data without labeled examples.",
KNeighborsTransformer,Unsupervised Learning,Dimensionality Reduction,"['Instance-Based Models', 'Nearest Neighbor Methods']","['Transformation', 'Technique']",95,"['A KNeighborsTransformer is a type of data transformation that uses the k-nearest neighbors algorithm to reduce the dimensionality of high-dimensional data.', 'It works by creating a set of new features based on the k-nearest neighbors for each data point, allowing for more efficient processing and analysis.', 'KNeighborsTransformers are important because they enable researchers and analysts to better understand complex relationships between variables and identify patterns in large datasets.', 'Typically, KNeighborsTransformers are applied in machine learning pipelines to preprocess data before modeling or feature engineering.']","The k-nearest neighbors algorithm is a fundamental instance-based method for dimensionality reduction, making Unsupervised Learning the most appropriate paradigm. Dimensionality Reduction is also a key application of this algorithm.",
LabelEncoder,Supervised Learning,Classification,"['Instance-Based Models', 'Probabilistic Methods']","['Function', 'Algorithm']",100,"LabelEncoder is a widely used preprocessing technique in machine learning that converts categorical variables into numerical labels. It works by assigning unique integer values to each class label, typically starting from 0 and incrementing by one for each class. This process enables the use of various machine learning algorithms that require numerical input. LabelEncoder is important because it allows the handling of categorical data in a way that can be processed by most machine learning models.","LabelEncoder falls under supervised learning as it requires labeled training data to assign values to classes. Its primary purpose is classification, which involves predicting class labels for new instances based on existing patterns in the data.",
MaxAbsScaler,Unsupervised Learning,Dimensionality Reduction,['Linear Models'],"['Algorithm', 'Transformation']",90,"{'What the analytical method is': 'MaxAbsScaler is a feature scaling algorithm that scales numeric features to a common range, typically between -1 and 1.', 'How it works': 'It achieves this by dividing each value in a column by the maximum absolute value in that column.', 'Why it is important': 'Scaling data helps prevent features with large ranges from dominating those with smaller ranges, improving model performance and stability.', 'Its typical applications': 'MaxAbsScaler is often used for preprocessing numeric data before feeding it into machine learning models.'}","The MaxAbsScaler algorithm falls under Unsupervised Learning as it doesn't require labeled training data to scale the features. Its primary objective is Dimensionality Reduction, which aligns with its function of scaling features to a common range. The computational approach involves linear operations on numeric data, placing it within Linear Models. It's also classified as an Algorithm and Transformation, reflecting its reusable nature and ability to modify input data.",
MinMaxScaler,Supervised Learning,Preprocessing / Data Normalization,['Linear Models'],"['Algorithm', 'Technique', 'Function']",80,"['The MinMaxScaler is a data preprocessing technique used to normalize features by scaling them between a specified minimum and maximum value.', 'It works by rescaling feature values to a common range, typically between 0 and 1, using the following formula: scaled_value = (feature_value - min_value) / (max_value - min_value).', ""This technique is important because it helps prevent features with large ranges from dominating the model's predictions, allowing for more accurate comparisons between features."", 'The MinMaxScaler is commonly used in machine learning pipelines as a preprocessing step before training models.']","The MinMaxScaler falls under Supervised Learning since it relies on the knowledge of both the feature values and their corresponding labels to scale the data. It's primarily used for Preprocessing/Data Normalization, which is a fundamental task in many machine learning pipelines.",
OneHotEncoder,Supervised Learning,Feature Selection (LO),"['Linear Models', 'Probabilistic Methods']","['Function', 'Algorithm', 'Technique']",90,"['A OneHotEncoder is a computational method used to transform categorical data into numerical representations, allowing it to be processed by machine learning algorithms.', ""It works by creating new binary columns for each category in the input data, where a '1' indicates that the instance belongs to that particular category and all other categories have a '0'."", 'This is important because many machine learning algorithms are not designed to handle categorical data directly and require numerical inputs.', 'OneHotEncoders are commonly used in preprocessing steps before model training, especially when dealing with datasets containing categorical variables.']",The OneHotEncoder is a supervised method since it relies on the input data to create new binary columns. It performs feature selection by converting categorical features into numerical ones.,
OrdinalEncoder,Supervised Learning,Preprocessing,"['Instance-Based Models', 'Probabilistic Methods']","['Function', 'Algorithm']",80,"OrdinalEncoder is a function used to convert categorical data into numerical representations using order-preserving mappings. It works by assigning an integer value to each category based on its order in the dataset, with higher values indicating greater importance or frequency. This is important because many machine learning algorithms require numerical inputs and can struggle with categorical data. OrdinalEncoders are commonly used in preprocessing steps before modeling.","OrdinalEncoder falls under Supervised Learning as it requires labeled training data to determine the order of categories. It is primarily used for Preprocessing, which is a common objective in machine learning pipelines. The method's instance-based approach and probabilistic nature make it applicable to Instance-Based Models and Probabilistic Methods.",
PowerTransformer,Supervised Learning,Preprocessing / Feature Scaling,"['Kernel-Based Models', 'Probabilistic Methods']",['Transformation'],100,"{'What the analytical method is': 'PowerTransformer is a Python library for power transformations, used to normalize and scale data.', 'How it works': 'It uses kernel-based methods to transform data into a more suitable form for modeling or analysis.', 'Why it is important': ""It's essential for stabilizing variances of different features in the dataset, which improves model performance and interpretability."", 'Its typical applications': 'Typically used in regression and classification problems to normalize skewed data.'}","PowerTransformer uses kernel-based methods to transform data, indicating it belongs to both Kernel-Based Models and Probabilistic Methods. It's primarily used for preprocessing and feature scaling, which aligns with Supervised Learning.",
RadiusNeighborsTransformer,Unsupervised Learning,Clustering,"['Instance-Based Models', 'Probabilistic Methods']","['Transformation', 'Function']",95,"{'1. What the analytical method is': 'RadiusNeighborsTransformer is a machine learning algorithm that transforms data into a new feature space by mapping input features to their nearest neighbors.', '2. How it works': 'It uses the k-nearest neighbors (KNN) distance metric to assign each point in the input dataset a radius value, which represents the shortest distance to its Kth nearest neighbor.', '3. Why it is important': 'This algorithm is useful for clustering high-dimensional data and can help reduce noise and dimensionality of datasets.', '4. Its typical applications': 'RadiusNeighborsTransformer is often used in pre-processing steps for clustering algorithms, such as K-means or Hierarchical Clustering.'}",The RadiusNeighborsTransformer is an unsupervised learning algorithm that aims to cluster data points based on their proximity to each other. It uses a probabilistic approach by assigning a radius value to each point in the dataset.,
RobustScaler,Unsupervised Learning,Dimensionality Reduction,"['Linear Models', 'Probabilistic Methods']","['Technique', 'Function']",100,"{'What the analytical method is': 'RobustScaler is a technique used in machine learning to scale and normalize numerical data.', 'How it works': 'It adjusts the range of input features by subtracting the median and scaling to a fixed range, typically between -1 and 1, to prevent feature dominance and improve model performance.', 'Why it is important': 'RobustScaler is important because it helps in achieving better model performance by reducing the impact of noisy or outliers data.', 'Its typical applications': 'It is commonly used in regression, classification, clustering, and other machine learning tasks where input features have different scales.'}","The selected categories apply because RobustScaler is an unsupervised technique that works by scaling and normalizing numerical data, which is a key aspect of dimensionality reduction. It uses linear models and probabilistic methods to achieve its objective.",
SplineTransformer,Supervised Learning,Regression,['Linear Models'],"['Algorithm', 'Model']",95,"The SplineTransformer is a type of regression algorithm that uses piecewise polynomial functions to approximate the relationship between inputs and outputs. It works by dividing the data into intervals, fitting a polynomial function to each interval, and then combining these local approximations to form a global model. This method is important because it can handle non-linear relationships in the data and can be used for both continuous and categorical variables. SplineTransformer is typically applied in regression tasks where the relationship between inputs and outputs is complex and non-linear.","The SplineTransformer is a supervised learning algorithm that uses linear models to fit piecewise polynomial functions to the data, making it suitable for regression tasks. Its use of local approximations makes it an instance-based model as well.",
TargetEncoder,Supervised Learning,Regression,"['Probabilistic Methods', 'Kernel-Based Models']","['Function', 'Model']",90,"TargetEncoder is a technique used to transform categorical variables into numerical features for use in machine learning models. It works by replacing each category with the mean of the target variable given that category, effectively encoding the categories as numerical values. This is important because it allows categorical variables to be used in linear regression and other models that require numerical inputs. TargetEncoder has typical applications in datasets where there are categorical features with large numbers of categories.","TargetEncoder is a Supervised Learning technique because it is trained on labeled data and uses that information to make predictions. It is primarily used for Regression tasks, as it transforms categorical variables into numerical values that can be used in linear regression models. The computational approach is probabilistic due to its reliance on statistical inference, and kernel-based due to the use of kernel functions to calculate the means.",
TfidfTransformer,Unsupervised Learning,Text Preprocessing,"['Linear Models', 'Instance-Based Models']",['Transformation'],90,"{'What the analytical method is': 'TfidfTransformer is a technique used to transform tokenized documents into numerical feature vectors.', 'How it works': 'It calculates the importance of each word in the vocabulary by multiplying its frequency with its inverse document frequency (IDF).', 'Why it is important': 'This transformation helps in reducing the dimensionality of the data and highlights the importance of rare words, which can improve the performance of many machine learning algorithms.', 'Its typical applications': 'TfidfTransformer is commonly used in natural language processing tasks such as text classification, sentiment analysis, and topic modeling.'}",The TfidfTransformer falls under Unsupervised Learning since it does not require labeled data to function. It also serves the purpose of Text Preprocessing by transforming tokenized documents into numerical feature vectors.,
AdaBoostClassifier,Supervised Learning,Classification,['Ensemble Models'],"['Algorithm', 'Model']",100,"{'What the analytical method is': 'AdaBoostClassifier is an ensemble learning algorithm that combines multiple weak classifiers to create a strong classifier.', 'How it works': 'It works by iteratively training a new classifier on the misclassified samples from previous iterations, with each subsequent classifier being trained to focus on the areas where previous classifiers made mistakes.', 'Why it is important': 'AdaBoostClassifier is an effective method for handling class imbalance problems and improving overall classification accuracy, especially when dealing with complex datasets.', 'Its typical applications': 'It is commonly used in image classification, natural language processing, and other tasks where ensemble methods are beneficial.'}","AdaBoostClassifier is classified as a supervised learning method because it requires labeled training data to function. It is used for classification problems, which makes it fit the 'Classification' objective. Its use of multiple weak classifiers combined into a strong classifier aligns with Ensemble Models, and its application as an algorithm or model in machine learning pipelines justifies its inclusion in both Algorithm and Model categories.",
AI Agents,Reinforcement Learning,Optimization,"['Rule-Based Models', 'Graph-Based Methods']","['Model', 'Architecture']",90,"{'1. What the analytical method is': 'AI Agents are software programs that use machine learning and artificial intelligence to interact with their environment and make decisions.', '2. How it works': 'They learn from experience and improve over time by receiving feedback in the form of rewards or penalties.', '3. Why it is important': 'AI Agents are important because they can automate tasks, make predictions, and optimize complex systems.', '4. Its typical applications': 'AI Agents are used in areas such as robotics, finance, healthcare, and customer service.'}",The classification of AI Agents as a Reinforcement Learning method is due to its ability to learn from experience and improve over time through trial and error.,
Get the Mission,Symbolic AI,Information Retrieval,['Rule-Based Models'],['Function'],80,"{'What the analytical method is': 'Get the Mission is a function that retrieves and returns the mission or goal of an entity.', 'How it works': 'It uses rule-based models to identify the relevant information from a knowledge base and return the corresponding mission.', 'Why it is important': 'This function provides context and relevance to any given task, helping decision-making processes.', 'Its typical applications': 'Get the Mission can be used in planning, goal-setting, and prioritization tasks.'}",The method is symbolic AI because it uses rules-based models to manipulate knowledge. It's related to information retrieval as it involves searching for specific information in a database or knowledge base.,
Scan the Scene,Unsupervised Learning,Anomaly Detection,"['Instance-Based Models', 'Rule-Based Models']",['Technique'],80,"Scan the Scene is an analytical method that examines a scene or environment to identify unusual patterns, anomalies, or objects. It typically works by using a combination of instance-based and rule-based approaches to classify features in the scene. This method is important because it enables anomaly detection, which can be critical for applications such as security surveillance, medical image analysis, or quality control. Scan the Scene is commonly applied in fields like computer vision, pattern recognition, and data mining.","Scan the Scene fits into Unsupervised Learning since it doesn't require labeled training data to identify anomalies. The method aims to detect anomalies, making Anomaly Detection a suitable learning objective. It leverages instance-based models for feature classification and rule-based approaches for decision-making, justifying its connection to Instance-Based Models and Rule-Based Models. Finally, Scan the Scene is often used as a technique in various applications, so it's classified as an Analytical Object Type.",
Think it Through,Symbolic AI,Representation Learning,"['Probabilistic Methods', 'Rule-Based Models']","['Technique', 'Function']",80,"{'What the analytical method is': 'Think it Through is a reasoning-based approach that involves careful consideration of a problem to arrive at a solution.', 'How it works': 'It uses symbolic representation and logical rules to evaluate different possibilities and choose the best course of action.', 'Why it is important': 'This technique allows for flexibility in handling complex problems and domain-specific knowledge, making it an essential tool for experts in various fields.', 'Its typical applications': 'Think it Through has been widely applied in areas such as expert systems, decision support systems, and human-computer interaction.'}","The method involves symbolic representation, logical rules, and careful consideration of a problem to arrive at a solution, making Symbolic AI the most suitable Learning Paradigm.",
Take Action,Supervised Learning,Classification,"['Rule-Based Models', 'Symbolic AI']",['Algorithm'],90,"{'What the analytical method is': 'Take Action is a technique used in decision-making and problem-solving to execute specific actions based on predefined rules or conditions.', 'How it works': 'It uses pre-defined rules, expert knowledge, or symbolic reasoning to determine which action to take next.', 'Why it is important': 'This method enables efficient execution of complex tasks by encapsulating domain-specific knowledge in a rule-based system.', 'Its typical applications': 'Take Action can be applied in various domains such as business process automation, expert systems, and decision support systems.'}","The 'Supervised Learning' paradigm applies because Take Action relies on pre-defined rules or conditions to make decisions. The 'Classification' learning objective is relevant as the method aims to categorize inputs into specific actions. Rule-Based Models and Symbolic AI computational approaches are suitable due to their emphasis on logical reasoning and symbolic representations. Finally, 'Algorithm' is a suitable analytical object type since Take Action can be viewed as a pre-programmed set of instructions or rules.",
AgglomerativeClustering,Unsupervised Learning,Clustering,Hierarchical Methods,['Algorithm'],100,"{'What the analytical method is': 'Agglomerative clustering is a type of hierarchical clustering algorithm.', 'How it works': 'It works by merging smaller clusters into larger ones, based on similarity between them.', 'Why it is important': 'This method is useful for identifying subgroups within a dataset and understanding their relationships.', 'Its typical applications': 'Agglomerative clustering is commonly used in image segmentation, document clustering, and gene expression analysis.'}","Agglomerative clustering falls under unsupervised learning as it identifies patterns in unlabeled data. The method's primary objective is to group similar objects together, which aligns with the clustering learning objective.",
BaggingRegressor,Supervised Learning,Regression,Ensemble Models,"['Algorithm', 'Model']",100,"BaggingRegressor is a type of machine learning model that uses ensemble methods to improve the accuracy and robustness of regression predictions. It works by combining multiple instances of a base regression algorithm, each trained on different subsets of the data, to produce a final prediction. This approach reduces overfitting and improves generalization by averaging out the predictions from individual models. BaggingRegressor is particularly useful for handling noisy or high-dimensional datasets where traditional regression methods may fail.","BaggingRegressor combines multiple instances of a base regression algorithm using ensemble methods, which aligns with both Ensemble Models and Gradient-Based Methods computational approaches. It also serves as an Algorithm and Model for analytical purposes.",
Bisecting K-Means,Unsupervised Learning,Clustering,"['Centroid-Based Methods', 'Gradient-Based Methods']",['Algorithm'],100,"{'What the analytical method is': 'Bisecting K-Means is a type of clustering algorithm that divides the data into smaller clusters by recursively bisecting the data.', 'How it works': 'It starts with an initial partition of the data and then repeatedly applies a bisection criterion to divide each cluster into two sub-clusters.', 'Why it is important': 'Bisecting K-Means is useful for handling high-dimensional data and identifying clusters at different levels of granularity.', 'Its typical applications': 'This algorithm has applications in image segmentation, document clustering, and customer segmentation.'}",The method is classified as Unsupervised Learning because it doesn't rely on labeled training data. It's classified as Clustering because the goal is to group similar data points together. The Computational Approach includes Centroid-Based Methods due to its use of centroids to define cluster boundaries and Gradient-Based Methods due to its iterative optimization process.,
Complement Naive Bayes,Supervised Learning,Classification,Probabilistic Methods,"['Model', 'Algorithm']",90,"{'What the analytical method is': 'Complement Naive Bayes (ComplementNB) is a variant of the Naive Bayes classifier.', 'How it works': ""It assumes that the presence of a feature in a class is independent of the other features, and calculates the probability of each class given the feature set using Bayes' theorem with a complement to avoid zero probability issues."", 'Why it is important': 'ComplementNB is useful when some classes have very few instances, making traditional Naive Bayes classifiers unreliable due to underflow problems.', 'Its typical applications': 'Text classification, sentiment analysis, and spam detection.'}","The ComplementNB method is a variant of the Naive Bayes classifier that uses the complement to avoid zero probability issues. It assumes independence between features and calculates class probabilities using Bayes' theorem. The Learning Paradigm is Supervised Learning because it requires labeled data for training, and the primary analytical problem it solves is Classification.",
HuberRegressor,Supervised Learning,Regression,['Gradient-Based Methods'],"['Algorithm', 'Model']",90,"{'What the analytical method is': 'The HuberRegressor is a regression algorithm that combines the benefits of linear and robust regression methods.', 'How it works': 'It uses a combination of least squares and median absolute deviation to minimize the effects of outliers on the regression line, resulting in more stable and accurate predictions.', 'Why it is important': ""This method is essential for handling noisy or contaminated data by reducing the impact of outliers on the model's performance."", 'Its typical applications': 'The HuberRegressor is commonly used in finance, engineering, and social sciences to develop robust regression models.'}","The HuberRegressor is a supervised learning method specifically designed for regression tasks. Its computational approach involves gradient-based optimization, which allows it to handle noisy data more effectively than traditional linear regression methods.",
KNeighborsClassifier,Supervised Learning,Classification,Instance-Based Models,['Model'],90,"['KNeighborsClassifier is a type of supervised learning algorithm.', 'It works by assigning new data points to the class with the most neighbors, based on their similarity in feature space.', 'This method is important because it allows for robust classification, even when features have varying scales or distributions.', 'Its typical applications include image classification, text categorization, and recommender systems.']","KNeighborsClassifier is classified as a supervised learning algorithm because it relies on labeled training data to make predictions. Its primary objective is classification, which involves predicting the class of new data points based on their similarity to known instances. The computational approach is instance-based, relying on the proximity of data points in feature space to determine the predicted label. Finally, KNeighborsClassifier can be classified as a model, as it represents a probabilistic relationship between input features and output labels.",
LinearDiscriminantAnalysis,Supervised Learning,Classification,['Linear Models'],"['Model', 'Algorithm']",100,"{'What the analytical method is': 'Linear Discriminant Analysis (LDA) is a linear transformation algorithm used for dimensionality reduction and classification.', 'How it works': 'It finds a linear combination of features that best distinguish between classes, projecting high-dimensional data onto a lower-dimensional space while preserving class separability.', 'Why it is important': 'LDA is essential in many applications, including image recognition, document classification, and gene expression analysis, as it enables efficient and accurate classification with minimal loss of information.', 'Its typical applications': 'Linear Discriminant Analysis has wide-ranging applications, such as image processing, text categorization, and bioinformatics.'}","LDA is a supervised learning method used for classification problems, relying on linear models to achieve its objective. It reduces the dimensionality of data while maintaining class separability.",
LocallyLinearEmbedding,Unsupervised Learning,Dimensionality Reduction,Nearest Neighbor Methods,"['Technique', 'Method']",90,"{'What the analytical method is': 'Locally Linear Embedding (LLE) is a technique used in dimensionality reduction.', 'How it works': 'It works by representing high-dimensional data as its lower-dimensional representation, retaining local structure and geometry of the original data. LLE seeks to preserve the distances between nearby points in the low-dimensional space.', 'Why it is important': 'LLE is an essential technique for dimensionality reduction because it preserves the local properties of the data, unlike other methods like PCA or t-SNE that preserve global structure.', 'Its typical applications': 'Locally Linear Embedding has various applications in image and speech recognition, text analysis, bioinformatics, and finance.'}",The selected categories apply because LLE is an unsupervised learning technique for dimensionality reduction. It uses probabilistic methods to preserve the local structure of the data. Locally Linear Embedding is a type of embedding method that can be applied to various domains.,
Neural Network,Supervised Learning,Classification,['Neural Networks'],"['Model', 'Architecture']",100,"{'What the analytical method is': 'A neural network is a machine learning model inspired by the structure and function of biological neural networks.', 'How it works': ""It consists of multiple layers of interconnected nodes or 'neurons' that process and transmit information, allowing the model to learn complex patterns in data."", 'Why it is important': 'Neural networks are widely used in many applications, including image recognition, natural language processing, and recommender systems, due to their ability to learn and represent high-dimensional data.', 'Its typical applications': 'Neural networks are commonly used for classification tasks, such as image classification, sentiment analysis, and speech recognition.'}","The neural network is a supervised learning method that uses multiple layers of interconnected nodes to process information, making it suitable for classification tasks. Its computational approach is based on the structure and function of biological neural networks, which allows it to learn complex patterns in data.",
NMF,Unsupervised Learning,Dimensionality Reduction,"['Matrix Factorization', 'Linear Models']","['Technique', 'Model']",100,"['NMF is a dimensionality reduction technique that represents a high-dimensional matrix as the product of two lower-dimensional matrices.', 'It works by decomposing the input matrix into two non-negative matrices, where each row in one matrix represents a feature and each column in the other matrix represents an observation.', 'NMF is important because it can help discover hidden patterns and relationships in data without losing any information, unlike traditional dimensionality reduction techniques such as PCA that discard some of the data.', 'It has typical applications in text mining, image compression, recommender systems, and gene expression analysis.']","['NMF is classified under unsupervised learning because it does not require any labeled training data to learn the representation of the input matrix.', 'Its primary objective is dimensionality reduction, which involves reducing the number of features in a dataset while preserving as much information as possible.']",
PLSCanonical,Supervised Learning,Regression,"['Linear Models', 'Probabilistic Methods']","['Model', 'Technique']",90,"{'1. What the analytical method is': 'PLSCanonical is a dimensionality reduction technique that combines principal component analysis (PCA) and canonical correlation analysis (CCA).', '2. How it works': 'It projects high-dimensional data onto a lower-dimensional space while maximizing correlations between paired sets of variables.', '3. Why it is important': 'PLSCanonical is useful for visualizing and understanding the relationships between multiple pairs of datasets with different characteristics.', '4. Its typical applications': 'This method can be applied in various fields such as biology, medicine, finance, and social sciences to analyze correlations between paired datasets.'}","PLSCanonical is classified as a supervised learning technique because it requires paired sets of variables to learn the relationships between them. As a dimensionality reduction technique, PLSCanonical can be used for regression problems.",
Quantile Random Forest,Supervised Learning,Regression,"['Ensemble Models', 'Tree-Based Models']",['Model'],95,"['Quantile Random Forest is an ensemble method that combines multiple decision trees to make predictions.', 'It works by aggregating the predictions of individual decision trees, each trained on a random subset of features and data points.', 'This approach is important because it provides robust and accurate estimates of quantiles for continuous outcomes.', 'Quantile Random Forest is commonly used in applications such as predicting house prices, stock prices, or other continuous variables.']",The method's focus on regression and its use of decision trees and ensemble methods make Supervised Learning the most appropriate paradigm. Its use of multiple decision trees and aggregation of predictions makes it a Tree-Based Model within an Ensemble Model approach.,
RandomTreesEmbedding,Unsupervised Learning,Dimensionality Reduction,"['Tree-Based Models', 'Dimensionality Reduction']","['Function', 'Algorithm', 'Model']",95,"{'What the analytical method is': 'RandomTreesEmbedding is a dimensionality reduction technique that uses random forests to learn a compact and informative representation of the data.', 'How it works': 'It first trains an ensemble of decision trees on the input data, then uses these trees to calculate the importance of each feature. The features are then selected based on their importance, resulting in a lower-dimensional representation of the data.', 'Why it is important': 'RandomTreesEmbedding is useful for high-dimensional data where dimensionality reduction is necessary to improve model interpretability and speed up computations. It is also robust to missing values and can handle non-linear relationships between features.', 'Its typical applications': 'RandomTreesEmbedding has been applied in image classification, text classification, and gene expression analysis.'}","RandomTreesEmbedding falls under Unsupervised Learning as it is used for dimensionality reduction without requiring labeled data. It is primarily a Dimensionality Reduction technique, although it may also be viewed as an Algorithm or Model.",
RidgeCV,Supervised Learning,Regression,Linear Models,"['Algorithm', 'Model']",90,"{'What the analytical method is': 'RidgeCV is a type of regression algorithm that adds a penalty term to the loss function to prevent overfitting.', 'How it works': 'It uses Ridge regression, which adds a L2 regularization term to the cost function, and cross-validation to determine the optimal value for the regularization parameter.', 'Why it is important': 'RidgeCV helps to improve the generalization of the model by reducing overfitting, making it more robust to new data.', 'Its typical applications': 'It is commonly used in regression tasks where there are multiple features and the goal is to predict a continuous output variable.'}","RidgeCV combines supervised learning with linear models and ensemble methods to perform regression. It uses cross-validation to determine the optimal regularization parameter, making it an ensemble model.",
SGDClassifier,Supervised Learning,Classification,Linear Models,['Algorithm'],100,"{'What the analytical method is': 'SGDClassifier is a type of linear classifier that uses stochastic gradient descent to optimize its parameters.', 'How it works': ""It iteratively updates the model's weights by minimizing the loss function using the current instance and its corresponding label."", 'Why it is important': 'The SGDClassifier is useful for large-scale classification problems where training data is scarce or when computational resources are limited.', 'Its typical applications': 'This method is commonly used in spam filtering, text classification, sentiment analysis, and other tasks that involve categorizing instances into predefined classes.'}","The SGDClassifier is a supervised learning algorithm designed for classification tasks. It uses stochastic gradient descent to optimize its parameters, which makes it suitable for large-scale problems. The inclusion of probabilistic methods in the computational approach is due to the fact that the SGDClassifier can be seen as an instance of Bayesian inference.",
StackingClassifier,Supervised Learning,Classification,"['Ensemble Models', 'Meta Models']",['Model'],90,"{'What it is': 'A StackingClassifier is a meta-learner that combines the predictions of multiple base learners to improve overall performance.', 'How it works': 'It trains each base learner on the training data and then uses their outputs as inputs to a final meta-learner, which produces the final prediction.', 'Why it is important': 'Stacking can help to reduce overfitting and improve the generalization of the model to new, unseen data.', 'Typical applications': 'It is commonly used in classification problems where there are multiple relevant features or when using a single model fails to achieve good results.'}","The StackingClassifier is classified as Supervised Learning because it learns from labeled training data. It is classified as Classification because its primary objective is to predict class labels. The computational approach includes Ensemble Models and Meta Models, which are both applicable because the StackingClassifier combines multiple base learners using a meta-learner.",
Support Vector Machines,Supervised Learning,"Classification, Regression","['Kernel-Based Models', 'Probabilistic Methods']","['Model', 'Algorithm']",90,"{'What the analytical method is': 'A Support Vector Machine (SVM) is a supervised machine learning algorithm.', 'How it works': 'It finds the hyperplane that maximally separates the classes in feature space, with margins as wide as possible.', 'Why it is important': 'SVMs are widely used for classification and regression tasks due to their ability to handle high-dimensional data and non-linear relationships.', 'Its typical applications': 'Image classification, natural language processing, recommender systems, and time series forecasting.'}","The SVM algorithm requires labeled training data and is primarily used for classification and regression tasks. It uses a kernel trick to map the input data into a higher-dimensional space, allowing it to find complex patterns in the data.",
HDBSCAN,Unsupervised Learning,Clustering,Density-Based Methods,"['Algorithm', 'Technique']",95,"{'1. What the analytical method is': 'HDBSCAN (Hierarchical Density-Based Spatial Clustering of Applications with Noise) is a density-based clustering algorithm that can handle varying densities and noise in data.', '2. How it works': 'It uses a hierarchical approach to cluster data by building a hierarchy of clusters and then selecting the optimal number of clusters based on the density of points in each cluster.', '3. Why it is important': 'HDBSCAN is important because it can handle complex datasets with varying densities and noise, making it a powerful tool for clustering tasks.', '4. Its typical applications': 'It is commonly used in applications such as image segmentation, text clustering, and anomaly detection.'}","HDBSCAN is classified as Unsupervised Learning because it doesn't require labeled data to perform clustering. It is classified as Clustering because its primary objective is to group similar points together. The computational approach is Density-Based Methods because HDBSCAN uses density-based clustering, and Centroid-Based Methods because it also involves selecting the optimal number of clusters based on their centroids.",
Gaussian Mixture Model,Unsupervised Learning,Clustering,"['Probabilistic Methods', 'Density-Based Methods']","['Model', 'Technique']",95,"['A Gaussian Mixture Model (GMM) is a probabilistic clustering model that represents the underlying distribution of data as a mixture of Gaussian distributions.', 'It works by initializing multiple centroids, assigning each data point to its closest centroid, and then updating the parameters of the corresponding Gaussian distribution.', 'The GMM is important because it can capture complex, multi-modal distributions in high-dimensional spaces, providing a more accurate representation of the underlying structure of the data.', 'Gaussian Mixture Models are commonly used in applications such as image and speech recognition, bioinformatics, and finance for tasks like customer segmentation and anomaly detection.']","The GMM is classified as an unsupervised learning method because it does not require labeled data to learn. It is primarily used for clustering, which involves identifying groups of similar data points without prior knowledge of the group labels.",
Graph-based clustering,Unsupervised Learning,Clustering,"['Centroid-Based Methods', 'Density-Based Methods', 'Graph-Based Methods']","['Technique', 'Algorithm']",90,"{'What the analytical method is': 'A graph-based clustering algorithm groups data points into clusters based on their structural properties in a graph.', 'How it works': 'Graph-based clustering methods represent data as nodes and edges in a graph, and then use algorithms such as spectral clustering or modularity maximization to identify clusters.', 'Why it is important': 'Graph-based clustering allows for the discovery of complex patterns and relationships in high-dimensional data that may not be apparent using traditional clustering methods.', 'Its typical applications': 'Graph-based clustering has applications in network analysis, bioinformatics, and social network analysis.'}","Graph-based clustering fits into the unsupervised learning paradigm because it aims to discover hidden patterns and relationships in data without labeled examples. The primary objective of graph-based clustering is to group data points into clusters, which aligns with the Clustering learning objective. Graph-based methods are used to achieve this objective, as they can model complex relationships between data points.",
Support Vector Classifier,Supervised Learning,Classification,['Kernel-Based Models'],"['Model', 'Algorithm']",100,"{'What the analytical method is': 'A Support Vector Classifier (SVC) is a supervised learning algorithm that can be used for classification tasks.', 'How it works': 'It uses kernel-based methods to find the optimal hyperplane in feature space, which maximizes the margin between classes.', 'Why it is important': 'SVCs are effective in handling high-dimensional data and can handle non-linear relationships between features.', 'Its typical applications': 'SVCs have been widely used in various fields such as image classification, text classification, and bioinformatics.'}","The Support Vector Classifier is a supervised learning algorithm that learns from labeled data to classify new instances. It uses kernel-based methods to find the optimal hyperplane, which makes it suitable for classification tasks.",
Centroid-based clustering,Unsupervised Learning,Clustering,Centroid-Based Methods,['Technique'],90,"{'What the analytical method is': 'Centroid-based clustering is an unsupervised machine learning algorithm that groups similar data points into clusters based on their features.', 'How it works': 'The method calculates the centroids of the clusters and assigns each data point to the cluster with the closest centroid. This process is repeated until convergence or a stopping criterion is met.', 'Why it is important': 'Centroid-based clustering is useful for identifying patterns in data, discovering hidden structures, and reducing dimensionality.', 'Its typical applications': 'Clustering is commonly used in customer segmentation, market research, image analysis, and text classification.'}","Centroid-based clustering fits into the unsupervised learning paradigm as it discovers underlying patterns without a predefined objective. Its primary goal is to group similar data points together, making clustering its corresponding learning objective.",
VotingClassifier,Supervised Learning,Classification,"['Ensemble Models', 'Probabilistic Methods']","['Algorithm', 'Model']",90,The VotingClassifier is an ensemble algorithm that combines the predictions of multiple models to improve overall accuracy. It works by training each model separately and then combining their predictions using a voting mechanism. This method is important because it can handle complex data distributions and reduce overfitting. The VotingClassifier has typical applications in classification tasks where multiple models need to be combined for better results.,"The VotingClassifier combines the predictions of multiple models, which fits with Ensemble Models as its computational approach. It also involves a voting mechanism, which is related to Probabilistic Methods. As an algorithm that trains multiple models and combines their outputs, it can be classified as both Algorithm and Model.",
KMeans,Unsupervised Learning,Clustering,['Centroid-Based Methods'],"['Algorithm', 'Technique']",100,"{'What the analytical method is': 'KMeans is an unsupervised clustering algorithm that partitions data into K clusters based on their similarity.', 'How it works': 'The algorithm initializes centroids randomly, then iteratively updates cluster assignments and centroid locations until convergence.', 'Why it is important': 'KMeans is essential for identifying patterns, structures, and groupings in unlabeled data, facilitating exploratory data analysis and visualization.', 'Its typical applications': 'KMeans is commonly used in customer segmentation, market basket analysis, gene expression analysis, image compression, and document clustering.'}","KMeans operates under the Unsupervised Learning paradigm as it discovers hidden patterns without prior labels. The primary analytical problem solved by KMeans is Clustering, which involves grouping similar data points together.",
Large Language Model (LLM),Self-Supervised Learning,Representation Learning,"['Neural Networks', 'Probabilistic Methods']",['Model'],90,"['A Large Language Model (LLM) is a type of artificial intelligence model designed to process and generate human-like language.', 'It works by taking in input text, analyzing the patterns and relationships between words, and generating coherent output based on that analysis.', 'This is important because LLMs have numerous applications in natural language processing, including text summarization, sentiment analysis, and machine translation.', 'Typical applications include chatbots, virtual assistants, and language translation software.']",LLMs are trained using self-supervised learning to generate human-like language without explicit supervision. They use neural networks as their underlying computational strategy and can be classified as probabilistic methods due to the probabilistic nature of language generation.,
MiniBatchKMeans,Unsupervised Learning,Clustering,"['Centroid-Based Methods', 'Density-Based Methods']","['Algorithm', 'Technique']",100,"{'What the analytical method is': 'MiniBatchKMeans is a variant of the K-Means clustering algorithm that uses mini-batches to update the cluster centers.', 'How it works': 'It iteratively updates the cluster centers by computing the centroid of each mini-batch and then updating the overall cluster center based on the centroids of all previous mini-batches.', 'Why it is important': 'MiniBatchKMeans allows for efficient clustering of large datasets, as it requires fewer computations compared to traditional K-Means.', 'Its typical applications': 'It is commonly used in image segmentation, document clustering, and other applications where large datasets need to be efficiently clustered.'}",The selection of Unsupervised Learning as the learning paradigm is due to the fact that MiniBatchKMeans does not require labeled data for training. The choice of Clustering as the learning objective is clear since MiniBatchKMeans is designed to group similar data points into clusters.,
Optimizer,Optimization,Optimization,Optimization Methods,"['Function', 'Algorithm']",100,"{'1. What the analytical method is': 'An optimizer is a computational algorithm that finds the optimal solution to an optimization problem.', '2. How it works': 'Optimizers typically use iterative methods, such as gradient descent or quasi-Newton methods, to converge towards the optimal solution.', '3. Why it is important': 'Optimizers are essential in many machine learning and artificial intelligence applications where finding the optimal solution is critical for performance or accuracy.', '4. Its typical applications': 'Optimizers are used in a wide range of applications, including neural network training, recommendation systems, and resource allocation.'}","The optimizer's primary purpose is to optimize a given objective function, which aligns with the optimization learning paradigm and objective.",
Silhouette Score,Unsupervised Learning,Clustering,"['Instance-Based Models', 'Probabilistic Methods']",['Measure'],80,"{'What the analytical method is': 'The Silhouette Score is a clustering evaluation metric that measures how well each point in a dataset fits into its assigned cluster.', 'How it works': 'It calculates the average of the silhouette coefficient for each sample, which ranges from -1 to 1, where higher values indicate that samples are well-clustered and lower values indicate overlapping clusters.', 'Why it is important': 'The Silhouette Score helps identify the optimal number of clusters by evaluating cluster cohesion and separation.', 'Its typical applications': 'It is commonly used in unsupervised learning tasks such as k-means clustering to evaluate cluster quality.'}","The Silhouette Score belongs to Unsupervised Learning as it does not rely on labeled data, and its primary objective is Clustering. It uses Instance-Based Models by evaluating the similarity between samples and their assigned clusters, and Probabilistic Methods by calculating the silhouette coefficient.",
Assessment,Rule-Based Systems,Classification,"['Instance-Based Models', 'Probabilistic Methods']",['Technique'],90,"[""An assessment is a systematic process of evaluating something, such as a person's knowledge or skills."", 'It typically involves administering a test or questionnaire to collect data, which is then analyzed using various statistical methods and techniques.', 'Assessments are important because they help identify areas of strength and weakness, allowing for targeted interventions and improvement efforts.', 'Typical applications include education, HR, and organizational development.']","The Assessment method is primarily classified under Rule-Based Systems because it relies on predefined rules or criteria to evaluate the subject. It can also be characterized as an Instance-Based Model due to its reliance on specific instances of data. Additionally, Probabilistic Methods may be applicable as assessments often involve statistical analysis and probability calculations.",
Algorithm Classification,Supervised Learning,Classification,"['Tree-Based Models', 'Ensemble Models']","['Function', 'Algorithm']",90,"['An algorithm classification method is used to categorize algorithms into different categories based on their characteristics.', 'It works by analyzing the input data and applying various computational approaches such as tree-based models or ensemble methods to classify the algorithms.', 'This method is important in machine learning as it helps researchers and practitioners understand the properties of different algorithms and choose the most suitable one for a given problem.', 'Typical applications of this method include algorithm selection, algorithm design, and understanding the relationships between different algorithms.']","['The learning paradigm is Supervised Learning because the method requires labeled training data to classify algorithms.', 'The learning objective is Classification because the primary goal of this method is to categorize algorithms into different groups.', 'The computational approach includes Tree-Based Models and Ensemble Methods, which are commonly used in algorithm classification tasks.']",
Model Type,Supervised Learning,Classification,"['Neural Networks', 'Ensemble Models']",['Model'],80,"{'What the analytical method is': 'A model type refers to a specific category of models used in machine learning, such as linear regression or decision trees.', 'How it works': 'Model types are used to classify data into predefined categories based on their characteristics. They can be trained using labeled datasets and then used to make predictions on new, unseen data.', 'Why it is important': 'Model types are essential in machine learning as they enable us to understand the relationships between input variables and output classes.', 'Its typical applications': 'Model types have a wide range of applications, including image classification, natural language processing, and recommender systems.'}","The selected categories apply because model types are typically used in supervised learning settings for classification tasks. They can be implemented using various computational approaches, such as neural networks or ensemble models.",
Decision Strategy,Rule-Based Systems,Classification,['Rule-Based Models'],['Technique'],80,"{'What the analytical method is': 'A decision strategy, also known as a decision tree or decision-making algorithm, is a systematic approach to making decisions based on a set of rules and conditions.', 'How it works': 'It works by analyzing data, identifying patterns, and using a set of predefined rules to classify objects or predict outcomes.', 'Why it is important': 'Decision strategies are essential in many real-world applications, such as predicting customer behavior, detecting fraud, or optimizing business processes.', 'Its typical applications': 'Decision strategies have numerous applications across various industries, including finance, marketing, healthcare, and more.'}",The decision strategy is classified under Rule-Based Systems because it uses a set of predefined rules to make decisions. It is also classified as Classification because its primary objective is to predict categorical labels or class assignments.,
Evaluation,Supervised Learning,Regression,"['Optimization Methods', 'Probabilistic Methods']","['Metric', 'Measure']",80,"['Evaluation is a process of assessing the performance or quality of a system, model, or algorithm.', 'It involves comparing the actual output to the expected output and measuring the difference using metrics such as accuracy, precision, recall, and F1 score.', 'Evaluation is important because it helps identify areas for improvement and ensures that a system or model meets its intended goals.', 'Typical applications of evaluation include quality control, performance monitoring, and predictive modeling.']",Evaluation is classified as supervised learning because it involves comparing actual output to expected output using labeled data. It is also classified as regression because the goal is to predict a continuous value. The optimization methods approach is applicable because evaluation often involves finding the best model or parameters that minimize error. Probabilistic methods are also applicable because many evaluation metrics involve probability distributions.,
Hidden Markov Model,Unsupervised Learning,Sequence Modeling,['Markov Models'],['Model'],95,"{'What the analytical method is': 'A Hidden Markov Model (HMM) is a statistical model used to describe sequences of observations.', 'How it works': 'The model assumes that there are hidden states, and each state generates an observation according to a probability distribution. The goal is to infer the most likely sequence of hidden states given the observed data.', 'Why it is important': 'HMMs have numerous applications in areas like speech recognition, natural language processing, and bioinformatics, where sequences of observations are common.', 'Its typical applications': 'HMMs can be used for tasks such as speech recognition, handwritten signature verification, gesture recognition, and protein structure prediction.'}",The Hidden Markov Model is a probabilistic model that assumes hidden states and uses Markov transitions to generate observations. It is primarily used for sequence modeling.,
Decision Tree,Supervised Learning,Classification,['Tree-Based Models'],"['Model', 'Technique']",100,"['A decision tree is a type of machine learning algorithm that learns to classify data by creating a model in the form of a tree structure.', 'It works by recursively partitioning the data into subsets based on the values of the input features, with each internal node representing a feature test and each leaf node representing a class label.', 'Decision trees are important because they can handle high-dimensional data and are relatively easy to interpret compared to other machine learning models.', 'They have typical applications in image classification, text classification, and predictive modeling.']","A decision tree is a supervised learning algorithm used for classification tasks, which involves creating a tree structure based on the input features to predict class labels. It belongs to the computational approach of Tree-Based Models, and can be viewed as both a model and a technique.",
Random Forest,Supervised Learning,Classification,"['Ensemble Models', 'Tree-Based Models']","['Model', 'Algorithm']",100,"Random Forest is a machine learning ensemble method that combines multiple decision trees to improve the accuracy and robustness of predictions. It works by creating an ensemble of decision trees, each trained on a random subset of features and samples. This approach helps to reduce overfitting and improves generalization performance. Random Forests are widely used for classification and regression tasks in various domains.","Random Forest combines multiple decision trees, which makes it fit both the Ensemble Models and Tree-Based Models computational approaches. It is typically used for classification, which aligns with the Supervised Learning paradigm. Random Forest can also be viewed as a Model or Algorithm, depending on the context of its application.",
Transformer,Self-Supervised Learning,Representation Learning,"['Neural Networks', 'Attention-Based Methods']","['Model', 'Function']",100,"{'What the analytical method is': 'A Transformer is a type of neural network architecture designed for natural language processing tasks.', 'How it works': 'It uses self-attention mechanisms to weigh the importance of different input elements and compute weighted sums, allowing for parallelization and efficient processing of long-range dependencies.', 'Why it is important': 'Transformers have revolutionized the field of NLP by enabling models to capture complex relationships between words in a sentence, leading to state-of-the-art performance on tasks such as language translation and text classification.', 'Its typical applications': 'Language translation, text summarization, question answering, sentiment analysis, and other NLP tasks.'}","The Transformer is a self-supervised learning method that uses neural networks with attention mechanisms to learn complex representations of input data. It can be used for representation learning, which is its primary objective.",
Mean Shift,Unsupervised Learning,Clustering,"['Instance-Based Models', 'Density-Based Methods']","['Technique', 'Algorithm']",90,"['Mean Shift is an unsupervised algorithm that finds the centers of clusters in a dataset by iteratively updating the weights of each data point.', 'It works by assigning a weight to each data point based on its proximity to other points and then shifting these weights towards the mean position of nearby points.', 'The importance of Mean Shift lies in its ability to identify complex patterns and non-linear relationships within the data, which is particularly useful for clustering problems with irregular shapes or overlapping clusters.', 'Typical applications of Mean Shift include image segmentation, object tracking, and gene expression analysis.']",Mean Shift was chosen as an instance-based model because it relies on local patterns in the data to determine cluster centers. It is also a density-based method due to its reliance on proximity between points.,
ML Model,Supervised Learning,Regression,"['Linear Models', 'Ensemble Models']","['Model', 'Technique']",90,"{'What the analytical method is': 'A machine learning model is a mathematical representation of a system that can learn from data and make predictions or classify inputs.', 'How it works': 'The model takes in input data, processes it using algorithms such as linear regression or ensemble methods like bagging or boosting, and outputs predicted values or classifications.', 'Why it is important': 'Machine learning models are important because they can improve accuracy and efficiency in tasks such as classification, regression, and clustering, enabling applications in areas like image recognition, natural language processing, and predictive maintenance.', 'Its typical applications': 'Machine learning models are commonly used in applications such as recommender systems, sentiment analysis, facial recognition, and medical diagnosis.'}","The ML Model is classified as Supervised Learning because it requires labeled training data to make predictions or classifications. It is primarily used for Regression tasks, which involve predicting continuous values based on input features. The model combines Linear Models and Ensemble Methods in its computational approach, reflecting its ability to adapt to complex relationships between inputs and outputs.",
Polynomial Features,Supervised Learning,Feature Selection (LO),['Kernel-Based Models'],"['Technique', 'Function']",90,"{'What the analytical method is': 'Polynomial features are a technique used to transform the input space of a machine learning model by creating new features that are polynomial combinations of the original features.', 'How it works': ""This transformation is typically done using a library or a programming language, such as Python's scikit-learn library. The algorithm generates new features based on the degree and order of the polynomial. For example, if we have two features x1 and x2, the second-order polynomial feature would be (x1^2 + 2*x1*x2 + x2^2)."", 'Why it is important': 'Polynomial features can help improve the performance of a model by allowing it to capture non-linear relationships between the input features.', 'Its typical applications': 'Polynomial features are commonly used in regression and classification problems, especially when there are complex interactions between the input features.'}","Polynomial features is a technique that transforms the input space of a model by creating new polynomial combinations of the original features. It belongs to supervised learning because it is typically used as a preprocessing step before training a model. The primary analytical problem it solves is feature selection, which is closely related to kernel-based models.",
Target Encoding,Supervised Learning,Classification,"['Linear Models', 'Probabilistic Methods']","['Technique', 'Function']",90,"['Target Encoding is a preprocessing technique used to encode categorical features in a dataset.', 'It works by calculating the average target value for each category, and then using these averages as new feature values.', 'This is important because it helps to reduce the impact of imbalance between categories on model performance.', 'Target encoding is typically applied to classification tasks where there are multiple classes.']","Target Encoding is used to address class imbalance in categorical features, which is a common problem in supervised learning. The method is closely related to linear models and probabilistic methods, as it involves calculating averages and probabilities.",
Binary Encoding,Supervised Learning,Representation Learning,"['Linear Models', 'Rule-Based Models']","['Technique', 'Algorithm']",90,"{'What the analytical method is': 'Binary Encoding is a type of data encoding technique used in machine learning to convert categorical variables into numerical representations.', 'How it works': 'It assigns binary values (0 or 1) to each category, where one bit represents whether an instance belongs to that particular category.', 'Why it is important': 'This method helps handle high-dimensional and sparse data, improves model interpretability, and enables efficient computation of models like neural networks.', 'Its typical applications': 'Binary Encoding is commonly used in natural language processing, text classification, image classification, recommender systems, and other applications where categorical variables are prevalent.'}","Binary Encoding is considered a supervised learning method as it requires labeled data to train the model. It's primarily used for representation learning, enabling models to learn from binary encoded features.",
Hash Encoding,Supervised Learning,Representation Learning,"['Optimization Methods', 'Linear Models']","['Function', 'Algorithm']",80,"['Hash Encoding is a technique used to convert high-dimensional data into lower-dimensional binary vectors.', 'It works by mapping input data points to their corresponding hash values, which are then used for similarity search and clustering.', 'Hash Encoding is important because it enables efficient handling of large-scale datasets and facilitates fast querying and indexing.', 'Typical applications include recommendation systems, information retrieval, and computer vision.']","Hash Encoding is a supervised learning technique that falls under the category of optimization methods. It aims to learn a lower-dimensional representation of high-dimensional data, making it a perfect fit for representation learning objectives. Additionally, Hash Encoding can be viewed as an instance of linear models due to its reliance on linear transformations.",
Markov Chain Monte Carlo,Probabilistic Inference,Density Estimation,"['Probabilistic Methods', 'Sampling Methods']","['Technique', 'Algorithm']",90,"['Markov Chain Monte Carlo (MCMC) is a computational method used for estimating the properties of a multivariate probability distribution.', 'It works by generating a sequence of states from an initial state, using a Markov chain to iteratively update the current state based on a transition kernel and a proposal distribution.', 'MCMC is important because it allows us to estimate complex distributions in high-dimensional spaces, which is essential for many machine learning tasks such as density estimation and Bayesian inference.', 'Typical applications of MCMC include image processing, data clustering, and statistical modeling.']",The use of Markov chains and sampling techniques makes MCMC a probabilistic method that can be used for density estimation. The iterative updating of states based on a transition kernel and proposal distribution is also characteristic of sampling methods.,
Bayesian Inference,Probabilistic Inference,TBD,"['Probabilistic Methods', 'Bayesian Methods']","['Technique', 'Model']",100,"['Bayesian inference is a statistical method for updating the probability of a hypothesis based on new evidence.', ""It works by using Bayes' theorem to calculate the posterior distribution of the hypothesis given the new evidence, taking into account prior knowledge and uncertainty."", 'Bayesian inference is important because it allows us to quantify uncertainty and make predictions in complex systems with incomplete data.', 'Typical applications include Bayesian regression, Bayesian classification, and Bayesian time series analysis.']","Bayesian inference involves probabilistic modeling and updating of hypotheses based on new evidence, which aligns with the probabilistic inference learning paradigm and probability estimation objective. The computational approach is rooted in probabilistic methods and Bayesian techniques.",
Expectation-Maximization,Unsupervised Learning,Clustering,"['Probabilistic Methods', 'Optimization Methods']","['Algorithm', 'Model', 'Technique']",90,"{'What the analytical method is': 'Expectation-Maximization (EM) is a statistical algorithm for finding maximum likelihood estimates of parameters in probabilistic models.', 'How it works': 'The EM algorithm iteratively updates the model parameters and the unobserved variables until convergence, alternating between two steps: expectation (E-step) and maximization (M-step).', 'Why it is important': 'EM is essential for handling missing data and identifying underlying patterns in datasets. It is widely used in various applications, including clustering, classification, and dimensionality reduction.', 'Its typical applications': 'EM is commonly employed in machine learning tasks such as cluster analysis, anomaly detection, and feature extraction.'}","The EM algorithm is classified as an unsupervised learning method because it does not require labeled data. Its primary objective is to perform clustering, which involves grouping similar data points together. The EM algorithm uses probabilistic methods for modeling the underlying distributions and optimization techniques to update the model parameters.",
Decision Rules,Rule-Based Systems,Classification,['Rule-Based Models'],"['Technique', 'Model']",100,"{'What the analytical method is': 'Decision Rules are a type of analytical technique that involves making decisions based on predefined rules.', 'How it works': 'The decision-making process follows a set of rules, which are applied to input data to generate output or predictions.', 'Why it is important': 'Decision Rules provide a transparent and interpretable way to make predictions or classify instances.', 'Its typical applications': 'Decision Rules are often used in classification problems where the goal is to predict a categorical label based on input features.'}","The decision-making process in Decision Rules follows a set of predefined rules, which aligns with the Rule-Based Systems learning paradigm. The primary objective of Decision Rules is classification, and they employ a rule-based computational approach.",
Association Rule Mining,Rule-Based Systems,Clustering,"['Probabilistic Methods', 'Rule-Based Models']","['Technique', 'Algorithm']",90,"['Association Rule Mining is a method used to identify patterns and relationships between variables in a dataset.', 'It works by examining the co-occurrence of items in the data, identifying frequent itemsets, and generating association rules from these sets.', 'This technique is important because it can reveal hidden relationships and correlations that may not be immediately apparent through other methods.', 'Association Rule Mining has typical applications in market basket analysis, customer segmentation, and recommendation systems.']",Association Rule Mining fits into the rule-based systems paradigm because it involves generating rules from data. It is used for clustering as it groups items based on their associations. The method also employs probabilistic methods to infer relationships between variables.,
Apriori,Unsupervised Learning,Clustering,"['Rule-Based Models', 'Density-Based Methods']","['Algorithm', 'Technique']",90,"['Apriori is a popular algorithm for discovering frequent patterns in large datasets.', 'It works by iteratively finding the largest possible subsets of items that appear together frequently, and pruning those that do not meet the minimum support threshold.', 'Apriori is important because it allows for efficient discovery of hidden patterns in data without requiring prior knowledge or labeling.', 'Typical applications include market basket analysis, customer segmentation, and recommendation systems.']","['Apriori fits into Unsupervised Learning because it discovers patterns in unlabeled data without a specific target variable.', 'The primary objective of Apriori is to cluster similar items together based on their co-occurrence, making Clustering the most relevant learning objective.']",
FP-Growth,Unsupervised Learning,Association Rule Mining,"['Rule-Based Models', 'Density-Based Methods']","['Algorithm', 'Technique']",80,"{'What the analytical method is': 'FP-Growth is an algorithm for mining frequent patterns in large datasets.', 'How it works': 'It uses a divide-and-conquer approach to find all frequent itemsets in the dataset, starting with smaller subsets of items and merging them together.', 'Why it is important': 'FP-Growth allows us to discover complex relationships between items in the dataset, enabling us to identify patterns that would be difficult or impossible to detect using other methods.', 'Its typical applications': 'FP-Growth has been successfully applied in various fields such as marketing, finance, and healthcare, where association rule mining is crucial for decision-making.'}",FP-Growth is classified as unsupervised learning because it identifies patterns without prior knowledge of the relationships between items. The primary objective of FP-Growth is to discover association rules between items in a dataset.,
Densely (Fully) Connected Layers,Supervised Learning,Classification,"['Neural Networks', 'Gradient-Based Methods']","['Model', 'Architecture']",100,"{'What the analytical method is': 'Densely connected layers, also known as fully connected layers, are a type of neural network layer.', 'How it works': 'In a densely connected layer, each node in the layer receives input from every node in the previous layer and sends its output to every node in the next layer. This allows for complex representations to be learned.', 'Why it is important': 'Densely connected layers are a fundamental component of many neural network architectures and allow for the representation of non-linear relationships between inputs and outputs.', 'Its typical applications': 'They are commonly used in image classification, natural language processing, and other tasks where feature extraction and representation are critical.'}","Densely connected layers are a key component of many neural network architectures and fit the definition of supervised learning. They are primarily used for classification tasks, but can also be used for regression tasks. The use of gradient-based methods is essential in training densely connected layers.",
Recurrent Layers,Supervised Learning,"Time Series Forecasting, Representation Learning","['Neural Networks', 'Gradient-Based Methods']","['Model', 'Architecture']",90,"{'What the analytical method is': 'Recurrent Layers are a type of neural network architecture that captures temporal dependencies in sequential data.', 'How it works': 'They process input sequences one step at a time, using hidden state to store information from previous steps and update their internal state based on new inputs.', 'Why it is important': 'Recurrent Layers are essential for modeling complex temporal relationships in applications such as speech recognition, natural language processing, and time series forecasting.', 'Its typical applications': 'They can be used in a wide range of applications, including speech synthesis, machine translation, and sentiment analysis.'}",Recurrent Layers are characterized by their ability to capture temporal dependencies through the use of recurrent connections and hidden states. They can be used for both Supervised Learning tasks such as Time Series Forecasting and Representation Learning.,
Convolutional Layers,Supervised Learning,Representation Learning,"['Neural Networks', 'Deep Learning']","['Model', 'Architecture']",90,"['Convolutional Layers are a type of neural network layer designed to extract spatial hierarchies from input data.', 'They work by scanning the input data in small regions, called receptive fields, and applying learnable weights and biases to capture local features.', 'Convolutional Layers are important for their ability to extract invariant features that can be used for tasks such as image classification, object detection, and segmentation.', 'Typical applications include computer vision, natural language processing, and speech recognition.']","Convolutional Layers fit under the Supervised Learning paradigm because they are typically trained on labeled datasets to learn feature representations. They achieve their objective through Representation Learning, as they aim to extract meaningful features from input data. Their computational approach is rooted in Neural Networks, with a specific focus on Deep Learning techniques.",
Two Branch Networks,Probabilistic Inference,Classification,"['Ensemble Models', 'Neural Networks']",['Algorithm'],95,"Two Branch Networks is a type of neural network architecture that uses two separate branches to process input data. It works by combining the outputs of both branches through concatenation, element-wise sum, or other fusion methods. This architecture is important because it allows for improved performance in tasks such as classification and regression by leveraging the strengths of multiple networks. Two Branch Networks are typically applied in image classification, natural language processing, and computer vision tasks.",Two Branch Networks combine elements of ensemble learning (multiple models working together) with neural network architectures (deep learning). The use of two branches allows for improved performance and robustness compared to single-branch networks.,
Multihead Networks,Supervised Learning,Representation Learning,"['Neural Networks', 'Attention-Based Methods']","['Model', 'Architecture']",90,"['Multihead Networks are a type of neural network architecture.', 'They work by applying multiple attention mechanisms to different parts of the input data, allowing the model to focus on relevant features and ignore irrelevant ones.', 'This is important because it enables models to capture complex relationships between inputs and outputs.', 'Typically applied in natural language processing tasks such as machine translation and text classification.']","['Multihead Networks are supervised learning methods because they learn from labeled data.', 'They are designed to improve representation learning by enabling the model to focus on relevant features of the input data.']",
CategoricalCrossentropy,Supervised Learning,Regression,"['Neural Networks', 'Probabilistic Methods']",['Function'],80,"['CategoricalCrossentropy is a loss function used in neural networks to measure the difference between predicted and actual class probabilities.', ""It calculates the cross-entropy loss between two probability distributions, one representing the model's predictions and the other representing the true labels."", 'This loss function is important because it provides a way to optimize the performance of multi-class classification models by minimizing the difference between predicted and actual class probabilities.', 'CategoricalCrossentropy is typically applied in image classification tasks, natural language processing, and recommender systems.']","CategoricalCrossentropy is used in supervised learning for regression problems, specifically to optimize the performance of multi-class classification models. The computational approach involves neural networks and probabilistic methods.",
SparseCategoricalCrossentropy,Supervised Learning,Classification,['Neural Networks'],['Function'],95,"{'What the analytical method is': 'SparseCategoricalCrossentropy is a loss function used in classification problems.', 'How it works': 'It measures the difference between the predicted probabilities and the actual labels, penalizing large differences.', 'Why it is important': 'This loss function is essential for training neural networks on multi-class classification tasks, as it allows the model to learn from the relationships between classes.', 'Its typical applications': 'SparseCategoricalCrossentropy is commonly used in image classification, natural language processing, and other areas where multiple classes are involved.'}",SparseCategoricalCrossentropy is a supervised learning method that aims to minimize the difference between predicted probabilities and actual labels in classification problems. It uses a neural network as its underlying computational approach.,
Binary Cross Entropy,Supervised Learning,Classification,"['Probabilistic Methods', 'Neural Networks']",['Function'],100,"['Binary Cross Entropy is a loss function used in machine learning to measure the difference between predicted probabilities and true labels.', 'It calculates the average cross-entropy loss across all samples, which represents how well the model is predicting the correct class.', 'The Binary Cross Entropy is important because it helps prevent overfitting by penalizing large probability differences between classes.', 'This method is typically used in binary classification problems, such as spam vs. not spam or 0 vs. 1.']",Binary Cross Entropy is a supervised learning method for classification problems that uses probabilistic methods and neural networks to calculate the average cross-entropy loss across all samples.,
MeanSquaredError,Supervised Learning,Regression,['Gradient-Based Methods'],"['Measure', 'Metric']",90,"The MeanSquaredError is a measure of the average difference between predicted and actual values. It works by summing the squared differences between predictions and actual outcomes, then dividing by the number of samples. This metric is important for evaluating regression models, as it provides an overall indication of model performance. The MeanSquaredError is commonly used in various fields such as finance, healthcare, and climate modeling.",MeanSquaredError is a supervised learning method used to evaluate regression models by calculating the average squared difference between predicted and actual values.,
CategoricalAccuracy,Supervised Learning,Classification,['Neural Networks'],['Metric'],90,"['CategoricalAccuracy is a metric used to evaluate the performance of a classification model.', 'It measures the proportion of correctly classified instances, where each instance is assigned to one of multiple classes.', 'This metric is important because it provides a clear and interpretable measure of how well a model is performing on a given task.', 'CategoricalAccuracy is typically used in applications such as image classification, text classification, and sentiment analysis.']",CategoricalAccuracy is classified under Supervised Learning because it is used to evaluate the performance of a classification model. It is classified under Classification because its purpose is to measure the accuracy of predicted classes. It uses Neural Networks as its computational approach because this is a common architecture for classification tasks.,
SparseCategoricalAccuracy,Supervised Learning,Classification,"['Neural Networks', 'Optimization Methods']","['Measure', 'Function']",80,"['SparseCategoricalAccuracy is a metric used to evaluate the performance of a model, particularly in multi-class classification problems.', 'It calculates the accuracy of a model by comparing its predictions with the true labels, but only considers the class with the highest probability for each sample.', 'This metric is important because it provides a more robust measure of accuracy compared to traditional metrics like categorical accuracy, especially when dealing with imbalanced datasets or models that produce high-confidence wrong predictions.', 'SparseCategoricalAccuracy is typically used in applications where the dataset has multiple classes and there is a need for accurate classification.']","The method is classified as Supervised Learning because it requires labeled data to train and evaluate the model. It is classified as Classification because its primary objective is to assign labels or categories to new, unseen data points. The Computational Approach includes Neural Networks and Optimization Methods because SparseCategoricalAccuracy typically uses neural network architectures and optimization algorithms like stochastic gradient descent (SGD) to update model weights.",
BinaryAccuracy,Supervised Learning,Classification,['Linear Models'],['Measure'],80,"BinaryAccuracy is a metric used to evaluate the performance of a binary classifier. It calculates the proportion of correctly classified instances out of all instances in the test set. This metric is important because it provides a straightforward way to assess the accuracy of a model's predictions. BinaryAccuracy is commonly used in classification tasks, such as spam vs. non-spam emails or 0s and 1s in binary classification problems.","BinaryAccuracy is a supervised learning method aimed at evaluating the performance of binary classifiers. It uses a linear model approach to calculate accuracy, making it applicable to classification tasks.",
Convolutional Neural Networks,Supervised Learning,Classification,['Neural Networks'],['Model'],100,"{'What the analytical method is': 'Convolutional Neural Networks (CNNs) are a type of neural network architecture.', 'How it works': 'They work by applying multiple convolution and downsampling operations followed by fully connected layers to classify images.', 'Why it is important': 'CNNs have been instrumental in achieving state-of-the-art results in image classification tasks, object detection, and segmentation.', 'Its typical applications': 'CNNs are widely used in computer vision tasks such as image classification, object detection, and image generation.'}","CNNs are classified under supervised learning because they learn to classify images based on labeled training data. They are primarily used for classification tasks, making 'Classification' the most suitable objective. Their neural network architecture aligns with the 'Neural Networks' computational approach, and their output is a model that can be used for prediction or inference.",
As Features,Supervised Learning,Feature Selection (LO),"['Probabilistic Methods', 'Linear Models']",['Technique'],90,"{'What the analytical method is': 'As Features is a technique used to select relevant features from a dataset, often in the context of classification or regression problems.', 'How it works': 'It typically involves evaluating the importance or relevance of each feature using various metrics such as mutual information, correlation coefficient, or recursive feature elimination (RFE), and selecting the top-ranked features for further analysis or modeling.', 'Why it is important': 'Feature selection is crucial in machine learning to prevent overfitting, improve model interpretability, reduce dimensionality, and enhance prediction performance. By identifying the most relevant features, analysts can focus on the most informative variables and develop more accurate models.', 'Its typical applications': 'As Features has been applied extensively in various domains such as text classification, image analysis, gene expression data analysis, and recommender systems.'}","The method is classified as Supervised Learning because it relies on labeled training data to evaluate feature importance. The primary objective is Feature Selection (LO) since the technique aims to select relevant features from a larger set. Probabilistic Methods and Linear Models are applicable computational approaches, as As Features often employs probability-based metrics or linear models to assess feature relevance. Finally, Technique is an appropriate analytical object type, as As Features is a methodological approach for selecting features.",
Translation Invariance,Unsupervised Learning,Representation Learning,"['Optimization Methods', 'Probabilistic Methods']","['Technique', 'Measure']",80,"['Translation invariance is a property of neural networks that refers to their ability to maintain performance even when the input data is shifted, rotated, or transformed in some other way.', 'This property is achieved through the use of convolutional and pooling layers in deep learning architectures, which allow the network to learn features that are invariant to these transformations.', 'Translation invariance is an important concept in computer vision and image processing because it enables the extraction of meaningful features from images without being sensitive to their spatial location or orientation.', 'Typically, translation invariance is applied in tasks such as image classification, object detection, and segmentation.']","Translation invariance is an unsupervised learning approach that aims to learn invariant representations of the input data. It is closely related to representation learning, which seeks to learn meaningful features from the data. The use of probabilistic methods, such as Bayesian inference, is also relevant to translation invariance.",
ROC vs Precision Recall Curve,Supervised Learning,Classification,"['Probabilistic Methods', 'Optimization Methods']","['Measure', 'Function']",90,"['The ROC vs Precision Recall Curve is a type of performance evaluation metric used in machine learning.', ""It works by plotting the true positive rate (sensitivity) against the false positive rate (1 - specificity) or precision and recall, providing a graphical representation of a classifier's performance."", 'This method is important because it helps to evaluate the trade-off between true positives and false positives for different classification thresholds.', 'Typical applications include comparing the performance of different machine learning models on a given dataset.']","['The ROC vs Precision Recall Curve is used in supervised learning, as it requires labeled training data to plot the curve.', 'It is primarily used for classification problems, where the goal is to predict the class labels of new instances based on their features.', 'Probabilistic methods are applicable because the ROC vs Precision Recall Curve involves calculating probabilities and thresholds for different classes.', 'Optimization methods are also applicable because the curve can be optimized by adjusting the classification threshold or using ensemble methods.']",
Receiver Operating Characteristic (ROC),Supervised Learning,Classification,"['Linear Models', 'Probabilistic Methods']","['Measure', 'Technique']",90,"{'What the analytical method is': 'Receiver Operating Characteristic (ROC) is a graphical plot used to illustrate the relationship between the true positive rate and false positive rate of a classifier at different thresholds.', 'How it works': 'The ROC curve is generated by plotting the true positive rate against the false positive rate for each possible threshold value, resulting in a 2D graph that represents the trade-off between sensitivity and specificity.', 'Why it is important': 'ROC analysis provides a way to evaluate the performance of a classifier and compare it with other classifiers, making it an essential tool in machine learning model evaluation.', 'Its typical applications': 'ROC is commonly used in classification problems where there are two classes, such as spam vs. non-spam emails or cancerous vs. non-cancerous tumors.'}","The ROC method is a supervised learning approach aimed at evaluating the performance of a classifier, which aligns with its primary objective of classification. It uses linear models and probabilistic methods to generate the ROC curve, making it applicable to both categories.",
Principal Component Analysis,Unsupervised Learning,Dimensionality Reduction,"['Linear Models', 'Optimization Methods']","['Technique', 'Function']",100,"{'What the analytical method is': 'Principal Component Analysis (PCA) is a dimensionality reduction technique that transforms high-dimensional data into lower-dimensional space while retaining most of the information.', 'How it works': 'PCA works by finding orthogonal directions in which the data varies the most, and then projects the data onto these new axes. This reduces the number of dimensions without losing much of the original variance.', 'Why it is important': 'PCA is important because it helps to reduce the curse of dimensionality, making it easier to visualize and analyze high-dimensional data.', 'Its typical applications': 'PCA has many applications in machine learning, including feature selection, anomaly detection, and visualization.'}",PCA is classified as Unsupervised Learning because it does not require labeled data. It is classified as Dimensionality Reduction because its primary objective is to reduce the number of features while retaining most of the information.,
Linear Discriminant Analysis,Supervised Learning,Classification,"['Linear Models', 'Probabilistic Methods']","['Model', 'Technique']",100,"['Linear Discriminant Analysis (LDA) is a statistical method used for classification and feature extraction.', 'It works by transforming the data into a new set of features that are linearly separable, allowing for better classification performance.', 'LDA is an important method because it can handle high-dimensional data and provides interpretable results in terms of class probabilities.', 'Typical applications include image recognition, text categorization, and bioinformatics.']","['LDA is a supervised learning method as it requires labeled training data to learn the optimal linear combination of features for classification.', 'It is primarily used for classification tasks, where the goal is to assign new instances to one of multiple classes based on their feature values.']",
Community Detection,Unsupervised Learning,Clustering,Graph-Based Methods,['Technique'],90,"['Community Detection is a method used to identify clusters or communities within a network.', 'It works by analyzing the structure of the network and identifying densely connected regions, which are then considered as communities.', 'This technique is important because it helps to uncover hidden patterns and relationships in complex networks, such as social networks or biological networks.', 'Community Detection has typical applications in network analysis, data mining, and machine learning.']",Community Detection is an unsupervised learning method that aims to identify clusters or communities within a network. It uses graph-based methods to analyze the structure of the network and identify densely connected regions.,
Node Embeddings,Unsupervised Learning,Representation Learning,"['Probabilistic Methods', 'Graph-Based Methods']","['Technique', 'Model']",90,"{'1. What the analytical method is': 'Node Embeddings are a type of machine learning technique used to represent nodes in a graph as dense vectors.', '2. How it works': 'It works by mapping each node to a vector in a high-dimensional space, such that semantically similar nodes map to nearby points in the vector space.', '3. Why it is important': 'Node Embeddings are important because they enable many downstream tasks, including node classification, clustering, and link prediction, on graph-structured data.', '4. Its typical applications': 'It has various applications such as recommendation systems, community detection, and network analysis.'}","Node Embeddings use unsupervised learning to learn a vector representation of nodes in a graph, making Representation Learning the primary objective. They employ probabilistic methods and graph-based techniques to achieve this goal.",
Generative Adversarial Network,Unsupervised Learning,Data Synthesis ,['Neural Networks'],['Model'],95,"{'What the analytical method is': 'A Generative Adversarial Network (GAN) is a type of deep learning model that can generate new, synthetic data samples that resemble the underlying distribution of the training data.', 'How it works': 'GANs consist of two neural networks: a generator and a discriminator. The generator creates synthetic data, while the discriminator evaluates the generated samples and tries to distinguish them from real data. Through this adversarial process, both networks improve and eventually converge.', 'Why it is important': 'GANs are essential for various applications, including image and video generation, data augmentation, and anomaly detection. They can also be used in other areas like style transfer and super-resolution imaging.', 'Its typical applications': 'Image and video generation, data augmentation, anomaly detection, style transfer, and super-resolution imaging.'}","GANs are classified as Unsupervised Learning because they learn to generate new data without labeled examples. They are used for Data Synthesis, which involves generating synthetic data samples that resemble the underlying distribution of the training data. The key computational approach is Neural Networks, and GANs can be viewed as a type of Model.",
Variational Autoencoder,Unsupervised Learning,Representation Learning,"['Neural Networks', 'Latent Variable Methods']","['Model', 'Technique']",90,"['A Variational Autoencoder (VAE) is a type of neural network that learns to compress and reconstruct data.', 'It works by learning a probabilistic mapping between the input data and a lower-dimensional latent space, allowing for efficient compression and flexible generation.', 'VAEs are important because they provide a way to learn compact, interpretable representations of complex data, enabling tasks such as dimensionality reduction and generative modeling.', 'They are typically applied in areas like image and video analysis, speech recognition, and natural language processing.']","The VAE is an unsupervised learning method because it learns to represent the underlying structure of the data without any explicit labels or objectives. Its primary objective is representation learning, as it aims to learn compact, informative representations of the input data. The VAE's computational approach is rooted in neural networks and latent variable methods.",
Diffusion Model,Self-Supervised Learning,Representation Learning,"['Neural Networks', 'Probabilistic Methods']","['Model', 'Technique']",95,"{'What the analytical method is': 'A Diffusion Model is a type of generative model that learns to sample from a complex data distribution.', 'How it works': 'It uses a diffusion process to transform noise into a data sample, and vice versa, allowing for efficient sampling and generation of new data points.', 'Why it is important': 'Diffusion Models have shown state-of-the-art performance in various tasks such as image and video generation, and have the potential to be used in applications where high-quality data synthesis is required.', 'Its typical applications': 'Diffusion Models can be used in various fields such as computer vision, natural language processing, and audio processing for tasks like image and video generation, data augmentation, and more.'}","The Diffusion Model is classified as a Self-Supervised Learning method because it learns to represent the data distribution without any supervision. It is used for Representation Learning as it aims to learn a representation of the data that can be used for various downstream tasks. The model's computational approach involves Neural Networks and Probabilistic Methods, which are both applicable to this type of model. Finally, it can be classified as a Model or Technique due to its ability to represent complex data distributions.",
Normalizing Flow,Probabilistic Inference,Density Estimation,"['Neural Networks', 'Probabilistic Methods']",['Model'],90,"{'What the analytical method is': 'Normalizing Flows are a class of probabilistic models that represent complex probability distributions using invertible transformations.', 'How it works': 'They work by learning an inverse mapping from the observed data to a simple noise distribution, allowing for efficient sampling and density estimation.', 'Why it is important': 'Normalizing Flows are important because they provide a flexible and scalable way to model complex distributions, enabling applications in generative modeling, density estimation, and Bayesian inference.', 'Its typical applications': 'They are typically applied in fields such as image generation, data imputation, and uncertainty quantification.'}",Normalizing Flows can be classified under Probabilistic Inference because they represent complex distributions using invertible transformations. They can also be classified under Density Estimation because they learn to model the underlying probability distribution of the data.,
Q-Learning,Reinforcement Learning,Optimization,"['Gradient-Based Methods', 'Policy-Based Methods']",['Algorithm'],100,"{'What Q-Learning is': ""Q-Learning is a model-free reinforcement learning algorithm that learns the value function of an agent's actions in a given environment."", 'How it works': 'It does this by updating the action values based on the rewards received from taking actions in the environment, without requiring a model of the environment to be learned first.', 'Why it is important': ""Q-Learning is important because it allows agents to learn how to take optimal actions in an environment, even when the environment's dynamics are unknown or changing."", 'Its typical applications': 'It has been used in a wide range of applications, including robotics, game playing, and autonomous vehicles.'}",Q-Learning is classified as a reinforcement learning method because it learns by interacting with an environment and receiving rewards. It is classified as optimization because its primary goal is to optimize the action values for the agent in the environment. The computational approach of gradient-based methods and policy-based methods applies because Q-Learning uses gradients to update the action values and can be viewed as a type of policy-based method.,
Deep Q-Network,Reinforcement Learning,Control,"['Neural Networks', 'Gradient-Based Methods']",Model,90,"A Deep Q-Network is a type of neural network used for reinforcement learning. It works by using the Q-learning algorithm to learn the optimal policy in a given environment. This method is important because it can be used to solve complex control problems in fields such as robotics and game playing. Typical applications include robot control, autonomous vehicles, and game AI.","The Deep Q-Network fits within the Reinforcement Learning paradigm because it learns by interacting with an environment and receiving rewards or penalties. The primary objective of a Deep Q-Network is to learn the optimal policy in a given environment, which aligns with the Control learning objective. The use of neural networks and gradient-based methods makes it applicable to both Neural Networks and Gradient-Based Methods computational approaches. Finally, as a model that can be used to make predictions, it fits within both Model and Function analytical object types.",
SARSA,Reinforcement Learning,Optimization,['Gradient-Based Methods'],"['Algorithm', 'Model']",100,"['SARSA is a type of reinforcement learning algorithm that learns to make decisions by interacting with an environment.', 'It works by updating its policy based on the expected return from each state and action, using the Temporal Difference (TD) error.', 'SARSA is important because it allows agents to learn policies that maximize rewards in complex environments.', 'Its typical applications include robotics, game playing, and autonomous vehicles.']","SARSA is classified as a reinforcement learning algorithm that learns through trial and error by interacting with an environment. It uses gradient-based methods to update its policy, making it a good fit for the 'Reinforcement Learning' paradigm and 'Optimization' objective.",
Proximal Policy Optimization,Reinforcement Learning,Optimization,"['Gradient-Based Methods', 'Policy-Based Methods']","['Algorithm', 'Technique']",100,"{'What the analytical method is': 'Proximal Policy Optimization (PPO) is a model-free, online reinforcement learning algorithm used to optimize policies in complex environments.', 'How it works': 'PPO updates the policy by maximizing a surrogate objective function that upper bounds the true performance of the policy. It does this by constraining the new policy to be within a trust region of the old policy.', 'Why it is important': 'PPO is an important algorithm in reinforcement learning because it can learn complex policies while being robust and stable, making it suitable for real-world applications.', 'Its typical applications': 'PPO has been used in a variety of tasks including robotics, game playing, and autonomous driving.'}",PPO is classified as Reinforcement Learning because it updates the policy based on interactions with an environment. It is also classified as Optimization because its primary objective is to optimize the policy's performance. PPO uses Gradient-Based Methods to update the policy and Policy-Based Methods to search for the optimal policy.,
Actor-Critic,Reinforcement Learning,Optimization,"['Gradient-Based Methods', 'Neural Networks']","['Model', 'Algorithm']",90,"The Actor-Critic algorithm is a model-free reinforcement learning method that combines policy evaluation and action selection. It works by maintaining an actor (policy) that selects actions based on the current state, and a critic (value function) that evaluates the quality of these actions. The importance of Actor-Critic lies in its ability to balance exploration and exploitation in complex environments. Typical applications include robotics, autonomous vehicles, and game playing.","Actor-Critic fits into the Reinforcement Learning paradigm as it learns through trial and error to achieve a goal. It is primarily used for Optimization tasks as it aims to maximize cumulative rewards. The method involves both Gradient-Based Methods for policy improvement and Neural Networks for function approximation, making it a suitable example of these computational approaches.",
Mutual Information Selection,Unsupervised Learning,Feature Selection (LO),"['Probabilistic Methods', 'Information-Theoretic Methods']",['Technique'],90,"{'What the analytical method is': 'Mutual Information Selection is a feature selection technique that uses mutual information to evaluate the relevance of features in a dataset.', 'How it works': 'It calculates the mutual information between each feature and the target variable, then selects the top-ranked features based on their mutual information scores.', 'Why it is important': 'Mutual Information Selection helps identify the most relevant features for a task, reducing dimensionality and improving model performance.', 'Its typical applications': 'Feature selection in classification, regression, and clustering tasks; dimensionality reduction in high-dimensional datasets.'}","Mutual Information Selection is an unsupervised learning technique used for feature selection, which aligns with its computational approach of Probabilistic Methods and Information-Theoretic Methods.",
Lasso Feature Selection,Supervised Learning,Feature Selection (LO),"['Linear Models', 'Optimization Methods']","['Algorithm', 'Technique']",100,"['Lasso Feature Selection is a method used for selecting features in a dataset.', 'It works by adding a penalty term to the loss function, which encourages the model to select a subset of the most relevant features.', 'This technique is important because it can improve model interpretability and reduce overfitting.', 'Typical applications include gene selection in genomics, sensor selection in robotics, and feature extraction in image processing.']",Lasso Feature Selection is a supervised learning method used for feature selection. It uses linear models and optimization methods to select the most relevant features.,
Sequential Feature Selection,Supervised Learning,Feature Selection (LO),['Optimization Methods'],['Algorithm'],95,"Sequential Feature Selection is a method used to select the most relevant features in a dataset. It works by iteratively selecting the most informative feature and adding it to the model, repeating this process until all features have been considered. This approach is important because it helps prevent overfitting and improves the generalizability of the model. Sequential Feature Selection is commonly applied in classification tasks where the goal is to identify the subset of features that best predict a target variable.","Sequential Feature Selection is a supervised learning method used for feature selection, which is why it is classified as Supervised Learning. It aims to select the most relevant features for a specific task, making Feature Selection (LO) its primary objective. The optimization-based nature of this method aligns with Optimization Methods, and its algorithmic implementation makes it an Algorithm.",
Louvain Community Detection,Unsupervised Learning,Clustering,Graph-Based Methods,"['Algorithm', 'Technique']",95,"['Louvain Community Detection is a widely used algorithm for detecting communities or clusters in networks.', 'It uses the modularity score to measure the quality of community divisions and iteratively updates the network structure to maximize this score.', 'This method is important because it allows researchers to identify densely connected subgraphs within larger networks, which can reveal underlying structures and relationships.', 'Typically applied to social networks, biological networks, and other types of networks where community detection is relevant.']",The Louvain algorithm is a graph-based method that uses density-based principles to detect communities in networks. It's primarily used for unsupervised learning tasks such as clustering.,
Graph Neural Network,Supervised Learning,Representation Learning,"['Neural Networks', 'Graph-Based Methods']","['Model', 'Architecture']",90,"{'What the analytical method is': 'A Graph Neural Network (GNN) is a type of neural network designed to handle graph-structured data.', 'How it works': 'GNNs process graph data by iteratively updating node representations using messages exchanged between nodes and aggregating information from neighbors.', 'Why it is important': 'GNNs are crucial for analyzing complex, interconnected data such as social networks, molecular structures, or traffic patterns.', 'Its typical applications': 'GNNs have found use in various fields like computer vision (e.g., node classification), natural language processing, and recommendation systems.'}","GNNs are a type of neural network specifically designed for graph-structured data, which aligns with both Supervised Learning and Representation Learning. Their computational approach involves Graph-Based Methods, which is a subset of Neural Networks.",
GAN,Unsupervised Learning,Data Synthesis,"['Neural Networks', 'Gradient-Based Methods']",['Model'],100,"GAN is a generative model that uses two neural networks: a generator and a discriminator. The generator produces new data samples, while the discriminator evaluates their authenticity. GANs are important for data augmentation, anomaly detection, and unsupervised learning tasks such as image synthesis. They are typically applied in computer vision, natural language processing, and recommender systems.","GAN is classified under Unsupervised Learning because it doesn't require labeled training data to learn the underlying distribution of the data. The primary objective of GANs is Data Synthesis, as they aim to generate new data samples that mimic the real data distribution. The computational approach involves Neural Networks and Gradient-Based Methods, as GANs use neural networks to learn the generator and discriminator, and gradient-based methods for optimizing the loss functions.",
VAE,Unsupervised Learning,Representation Learning,"['Neural Networks', 'Probabilistic Methods']","['Model', 'Technique']",95,"{'What the analytical method is': 'VAE is a type of deep learning model that learns to represent data in a compressed, lower-dimensional space while preserving the underlying structure.', 'How it works': 'It does this by introducing two neural networks: an encoder and a decoder. The encoder maps input data to a probabilistic latent space, while the decoder reconstructs the original input from this space.', 'Why it is important': 'VAEs are useful for dimensionality reduction, anomaly detection, and generative modeling tasks.', 'Its typical applications': 'They have been applied in various domains such as image generation, text summarization, and recommender systems.'}","VAE fits into the unsupervised learning paradigm because it doesn't require labeled data to function. Its primary objective is representation learning, which involves learning a compressed, lower-dimensional representation of the input data. The computational approach of VAE involves neural networks and probabilistic methods.",
Diffusion,Probabilistic Inference,Density Estimation,Neural Networks,"['Technique', 'Function']",90,"{'What the analytical method is': 'Diffusion is a family of algorithms for approximating complex probability distributions.', 'How it works': 'It uses Markov chains to iteratively transform samples from a simple distribution into samples that approximate the desired target distribution.', 'Why it is important': 'Diffusion methods are widely used in machine learning, particularly in generative models and density estimation tasks, due to their ability to capture complex structures and dependencies in data.', 'Its typical applications': 'Diffusion-based algorithms have applications in image and video generation, anomaly detection, and conditional sampling.'}","Diffusion is primarily used for probabilistic inference, as it aims to approximate target probability distributions. Its core function is density estimation, which involves modeling the underlying data distribution.",
PPO,Reinforcement Learning,Optimization,"['Gradient-Based Methods', 'Policy-Based Methods']",['Algorithm'],90,"{'What the analytical method is': 'Proximal Policy Optimization (PPO) is a model-free reinforcement learning algorithm used to optimize policies in complex environments.', 'How it works': 'PPO updates the policy by minimizing the clipped probability ratio between old and new policies, using trust region optimization to prevent large updates.', 'Why it is important': 'PPO has become a widely-used algorithm for many reinforcement learning tasks due to its simplicity, efficiency, and stability compared to other model-free methods.', 'Its typical applications': 'PPO is commonly used in robotics, game playing, and other domains where complex policies need to be optimized.'}",PPO fits into the Reinforcement Learning paradigm as it learns to optimize a policy in an environment. The optimization objective of PPO aligns with the Optimization learning objective. PPO's use of gradient-based updates and trust region optimization makes Gradient-Based Methods and Policy-Based Methods applicable computational approaches.,
DQN,Reinforcement Learning,Optimization,"['Gradient-Based Methods', 'Neural Networks']","['Algorithm', 'Model']",100,"['DQN (Deep Q-Network) is a type of neural network that learns to predict the optimal action to take in a given state.', 'It works by using a deep neural network to approximate the Q-function, which estimates the expected return when taking an action in a particular state.', 'DQN is important because it has been shown to be effective in solving complex reinforcement learning problems and has applications in areas such as game playing and robotics.', 'Typical applications of DQN include tasks that require decision-making in uncertain or dynamic environments, such as autonomous driving or robot control.']","['DQN is classified as a Reinforcement Learning method because it learns to take actions in an environment to maximize a reward signal.', 'It is classified as an Optimization method because its primary objective is to find the optimal policy that maximizes the cumulative reward.', ""The Computational Approach of Gradient-Based Methods and Neural Networks applies because DQN uses gradient descent to optimize the neural network's weights and employs a neural network architecture.""]",
k-Nearest Neighbors,Supervised Learning,Classification,"['Instance-Based Models', 'Nearest Neighbor Methods']","['Algorithm', 'Model']",100,"['k-Nearest Neighbors is a type of instance-based learning algorithm that classifies new instances based on the majority vote of their k nearest neighbors.', 'It works by finding the k most similar instances in the training set to the new instance and using their labels to predict the label of the new instance.', 'This method is important because it can handle high-dimensional data and non-linear relationships between features, making it suitable for a wide range of classification tasks.', 'Typical applications include image classification, text classification, and recommendation systems.']","The k-Nearest Neighbors algorithm falls under supervised learning as it requires labeled training data to make predictions. It is primarily used for classification tasks, where the goal is to predict the class label of a new instance based on its similarity to known instances.",
ANN,Supervised Learning,Regression,['Neural Networks'],"['Model', 'Architecture']",90,"{'What the analytical method is': 'Artificial Neural Networks (ANNs) are a type of machine learning model that mimic the structure and function of biological neural networks.', 'How it works': 'ANNs work by training on labeled data, adjusting the weights and biases of their nodes to minimize prediction errors. They can learn complex patterns in data through iterative refinements of their network topology.', 'Why it is important': 'ANNs are crucial for modeling non-linear relationships between input variables and continuous output variables, such as stock prices or temperature readings.', 'Its typical applications': 'ANNs have been applied to a wide range of areas, including image classification, natural language processing, speech recognition, and time series forecasting.'}","The selected categories apply because ANNs learn from labeled data (Supervised Learning), are often used for regression tasks (Regression), employ neural network structures (Neural Networks), and can be viewed as both models and architectures.",
Augmented Query Creation,Symbolic AI,Representation Learning,"['Rule-Based Models', 'Probabilistic Methods']","['Technique', 'Function']",80,"{'What the analytical method is': 'Augmented Query Creation is a technique that generates new queries to augment existing ones.', 'How it works': 'It typically uses rule-based models and probabilistic methods to select relevant features, weights, or transformations to apply to the original query.', 'Why it is important': 'This approach can improve query performance, accuracy, and robustness by reducing noise and irrelevant information.', 'Its typical applications': 'Augmented Query Creation has been applied in various domains such as information retrieval, natural language processing, and database systems.'}","The method's reliance on symbolic manipulation, rule-based models, and probabilistic methods aligns with the Symbolic AI paradigm. Representation learning is a suitable objective as Augmented Query Creation aims to learn new representations of data.",
K Fold Cross Validation,['Supervised Learning'],"['Regression', 'Classification']","['Ensemble Models', 'Probability Methods']",['Technique'],90,"['K-Fold Cross Validation is a statistical method used to evaluate the performance of machine learning models.', ""It works by dividing the dataset into K subsets or 'folds', and using each fold as a test set while training on the remaining K-1 folds."", 'This approach helps prevent overfitting by ensuring that all instances are used for both training and testing, thereby providing more accurate estimates of model performance.', 'K-Fold Cross Validation is commonly applied in regression and classification problems to evaluate model performance.']","['Supervised Learning because K-Fold Cross Validation relies on labeled data to train the model.', 'Regression and Classification as Learning Objectives because this method is used to evaluate model performance for both types of problems.', 'Ensemble Models and Probability Methods as Computational Approaches because K-Fold Cross Validation often involves combining multiple models or estimating probabilities.']",
Isolation Forest,Unsupervised Learning,Anomaly Detection,"['Ensemble Models', 'Tree-Based Models']",['Algorithm'],90,"['Isolation Forest is an unsupervised algorithm used to detect anomalies in data.', 'It works by building multiple decision trees on random subsets of the data, with each tree identifying one or more outliers. The final anomaly score is then calculated based on the number of times a point was isolated.']","Isolation Forest falls under Unsupervised Learning as it does not require labeled training data. It's primarily used for Anomaly Detection, where the goal is to identify unusual patterns or points in the dataset. The algorithm combines elements of Ensemble Methods and Tree-Based Models to achieve its objective.",
One-Class SVM,Unsupervised Learning,Anomaly Detection,"['Kernel-Based Models', 'Probabilistic Methods']","['Model', 'Technique']",95,"One-Class SVM is a type of Support Vector Machine that focuses on identifying data points that fall within a certain range or boundary, and flagging those that do not. It works by training a model to recognize patterns in the normal behavior of data and then detecting outliers. One-Class SVM is important for identifying anomalies in data that are difficult to detect using traditional methods. Typical applications include network intrusion detection, credit card fraud detection, and quality control in manufacturing.","One-Class SVM fits into Unsupervised Learning because it aims to identify patterns or boundaries without a predefined class label, and it is primarily used for Anomaly Detection as its primary goal is to flag data points that do not conform to expected behavior. Kernel-Based Models apply due to the use of kernels in One-Class SVM to map data to higher dimensions for better pattern recognition, while Probabilistic Methods are applicable because the algorithm relies on probability calculations to identify outliers.",
Local Outlier Factor,Unsupervised Learning,Anomaly Detection,['Density-Based Methods'],"['Algorithm', 'Technique']",95,"{'What the analytical method is': 'The Local Outlier Factor (LOF) is a density-based anomaly detection algorithm.', 'How it works': 'It calculates the ratio of the local density of a data point to the average local density of its neighbors, identifying points with significantly lower densities as outliers.', 'Why it is important': 'LOF is essential in detecting anomalies or unusual patterns in data that are not easily identified by other methods.', 'Its typical applications': 'LOF is commonly used in finance for fraud detection, in network intrusion detection systems, and in quality control for identifying defective products.'}","The LOF method is classified as Unsupervised Learning because it does not require labeled data to operate. It is an Anomaly Detection technique because its primary objective is to identify unusual patterns or outliers in the data. The density-based nature of the algorithm aligns with Density-Based Methods, and it can be viewed as both an Algorithm and a Technique.",
Elliptic Envelope,Unsupervised Learning,Anomaly Detection,"['Density-Based Methods', 'Probabilistic Methods']","['Technique', 'Algorithm']",80,"['Elliptic Envelope is a technique used for anomaly detection.', 'It works by creating an envelope around the data points in the input space, where the envelope represents the boundary between normal and anomalous behavior. The method uses density-based methods to identify outliers and probabilistic methods to model the distribution of the data.', 'Elliptic Envelope is important because it can effectively detect anomalies in high-dimensional data without requiring extensive prior knowledge about the underlying distribution or the type of anomalies.', 'It has typical applications in network intrusion detection, credit card fraud detection, and medical diagnosis.']","The Elliptic Envelope technique uses density-based methods to identify outliers and probabilistic methods to model the distribution of the data, making it suitable for Unsupervised Learning. It is primarily used for Anomaly Detection, which aligns with its purpose of identifying unusual patterns in the data.",
Autoencoder,Unsupervised Learning,Representation Learning,"['Neural Networks', 'Encoder–Decoder Architectures']",['Model'],90,"{'What the analytical method is': 'An autoencoder is a type of neural network that learns to compress and reconstruct data.', 'How it works': 'It does this by first compressing input data into a lower-dimensional representation, and then using this representation to generate the original input data.', 'Why it is important': 'Autoencoders are useful for dimensionality reduction, anomaly detection, and generative modeling.', 'Its typical applications': 'They can be used in applications such as image compression, speech recognition, and natural language processing.'}",The autoencoder's ability to learn compact representations of data makes it a representative example of unsupervised learning. Its use of neural networks to perform encoding and decoding also aligns with the representation learning objective.,
K-Means,Unsupervised Learning,Clustering,Centroid-Based Methods,"['Algorithm', 'Technique']",100,"['K-Means is a widely used clustering algorithm that partitions the data into K clusters based on their similarity.', 'It works by initializing centroids, assigning each data point to the closest centroid, and then updating the centroids until convergence or a specified number of iterations.', 'K-Means is important because it allows us to identify patterns and structure in high-dimensional data, which can be useful for various applications such as customer segmentation, image compression, and recommender systems.', 'Typical applications of K-Means include marketing research, image processing, and product recommendation.']","K-Means is classified as an unsupervised learning method because it doesn't require labeled data to perform clustering. The primary objective of K-Means is to identify clusters in the data, which makes Clustering a suitable learning objective. Centroid-Based Methods and Density-Based Methods are both applicable computational approaches for K-Means due to its reliance on centroids and density-based cluster assignment. Finally, K-Means can be categorized as an Algorithm or Technique because it's a specific method for performing clustering.",
Hierarchical Clustering,Unsupervised Learning,Clustering,Hierarchical Methods,['Technique'],100,"{'What the analytical method is': 'Hierarchical Clustering is a type of unsupervised machine learning algorithm that groups similar data points into clusters.', 'How it works': 'The algorithm starts by placing each data point in its own cluster and then repeatedly merges or splits existing clusters until a stopping criterion is met, such as when all clusters have at least a certain number of members.', 'Why it is important': 'Hierarchical Clustering allows for flexible cluster formation and can reveal complex relationships between data points. It can also be used to visualize the structure of high-dimensional data.', 'Its typical applications': 'Hierarchical Clustering has applications in data visualization, market segmentation, customer clustering, gene expression analysis, and more.'}",Hierarchical Clustering is an unsupervised learning method that aims to identify clusters within a dataset without prior knowledge of the number or structure of clusters.,
DBSCAN,Unsupervised Learning,Clustering,Density-Based Methods,"['Algorithm', 'Technique']",100,"{'What the analytical method is': 'DBSCAN (Density-Based Spatial Clustering of Applications with Noise) is a density-based clustering algorithm.', 'How it works': 'It groups data points into clusters based on their density and proximity to each other, identifying noise as points that do not belong to any cluster.', 'Why it is important': 'DBSCAN is useful for identifying clusters in high-dimensional spaces and handling outliers effectively.', 'Its typical applications': 'DBSCAN has been applied in various domains such as image segmentation, motion analysis, and data mining.'}","DBSCAN fits into the unsupervised learning paradigm because it discovers patterns in unlabeled data without human intervention. It is primarily used for clustering, which involves grouping similar objects together based on their characteristics.",
Gaussian Mixture Model,Unsupervised Learning,Clustering,"['Probabilistic Methods', 'Density-Based Methods']",['Model'],100,"{'What the analytical method is': 'A Gaussian Mixture Model (GMM) is a probabilistic model that represents a mixture of multiple Gaussian distributions.', 'How it works': 'It learns to represent complex data distributions by combining multiple Gaussian components, allowing for flexible modeling of various shapes and densities.', 'Why it is important': 'GMMs are useful for clustering, density estimation, and feature learning in high-dimensional data spaces.', 'Its typical applications': 'They have been widely applied in computer vision, speech recognition, recommender systems, and other areas where complex data distributions need to be modeled.'}",The GMM is an unsupervised method for representing complex data distributions by learning a mixture of multiple Gaussian components.,
Spectral Clustering,Unsupervised Learning,Clustering,Graph-Based Methods,"['Algorithm', 'Technique']",95,"['Spectral Clustering is a method for grouping similar data points into clusters.', 'It works by representing the data as a graph and then using eigenvectors of the Laplacian matrix to partition the graph into clusters.', 'This method is important because it can identify complex relationships between data points and provide a more nuanced understanding of the underlying structure of the data.', 'Spectral Clustering has applications in image segmentation, community detection, and other areas where grouping similar objects together is essential.']","['The Learning Paradigm is Unsupervised Learning because Spectral Clustering does not rely on labeled training data to make predictions or decisions.', 'The Learning Objective is Clustering because the primary purpose of this method is to group similar data points into clusters.', 'The Computational Approach includes Graph-Based Methods and Centroid-Based Methods because Spectral Clustering uses a graph representation of the data and relies on eigenvectors to partition the graph into clusters.', 'The Analytical Object Type is Algorithm and Technique because Spectral Clustering can be viewed as both an algorithm for clustering data points and a technique for identifying complex relationships between objects.']",
Logistic Regression,Supervised Learning,Classification,"['Linear Models', 'Probabilistic Methods']","['Model', 'Algorithm']",100,"['Logistic Regression is a statistical model used for binary classification problems.', 'It works by learning the probability of an instance belonging to one class or another based on its features, and outputs the probability that the instance belongs to the positive class.', 'This method is important because it provides a simple yet effective way to classify instances into two categories, and can be used in a wide range of applications such as fraud detection, medical diagnosis, and customer segmentation.', 'Logistic Regression is typically applied in situations where there are two or more classes that need to be distinguished, and the data is well-separated.']","Logistic Regression is a supervised learning method used for classification problems, which involves predicting the probability of an instance belonging to one class or another. The model works by applying linear models with probabilistic methods to achieve its goal.",
Random Forest Classifier,Supervised Learning,Classification,"['Ensemble Models', 'Tree-Based Models']",['Model'],100,"['A Random Forest Classifier is an ensemble learning method that combines multiple decision trees to improve the accuracy and robustness of classification predictions.', 'It works by generating multiple decision trees on random subsets of features and training data, then combining their outputs using voting or averaging techniques.', 'Random Forest Classifiers are important because they can handle high-dimensional data, reduce overfitting, and provide feature importance measures.', 'Typical applications include image classification, text classification, and recommender systems.']",The Random Forest Classifier is a supervised learning method that combines multiple tree-based models to achieve its objective of classification. It belongs to the ensemble models computational approach due to its combination of multiple decision trees.,
Support Vector Machine,Supervised Learning,Classification,['Kernel-Based Models'],['Algorithm'],100,"{'What the analytical method is': 'A Support Vector Machine (SVM) is a machine learning algorithm used for classification and regression tasks.', 'How it works': 'It works by finding the hyperplane that maximally separates the classes in the feature space, with margins as wide as possible.', 'Why it is important': 'SVMs are widely used because they can handle high-dimensional data, non-linear relationships between features, and outliers.', 'Its typical applications': 'SVMs are commonly applied to image classification, text classification, and bioinformatics problems.'}",The SVM is a supervised learning algorithm that solves the classification problem by finding the optimal hyperplane in the feature space. The kernel-based approach is used to map the input data into a higher-dimensional feature space where it becomes linearly separable.,
Embedding Model,Representation Learning,Dimensionality Reduction,"['Neural Networks', 'Linear Models']","['Model', 'Technique']",90,"{'What the analytical method is': 'An embedding model is a type of machine learning algorithm that maps high-dimensional data to a lower-dimensional space while preserving the underlying structure.', 'How it works': 'The algorithm uses neural networks or linear models to learn a set of features, known as embeddings, which capture the relationships between input data.', 'Why it is important': 'Embedding models are crucial for many applications, including text analysis, image recognition, and natural language processing, where high-dimensional data needs to be compressed while maintaining its semantic meaning.', 'Its typical applications': 'Dimensionality reduction, feature learning, visualization of complex data, recommendation systems.'}","The embedding model is a type of machine learning algorithm that fits into the broader category of representation learning. It aims to reduce dimensionality while preserving the underlying structure of the input data, which makes it a suitable candidate for dimensionality reduction. The use of neural networks or linear models as computational approaches further supports this classification.",
Contrastive Learning,Unsupervised Learning,Representation Learning,"['Probabilistic Methods', 'Neural Networks']","['Technique', 'Model']",80,"{'What the analytical method is': 'Contrastive learning is a type of unsupervised machine learning algorithm that aims to learn representations by contrasting similar and dissimilar inputs.', 'How it works': ""The method involves two main steps: positive pair sampling, where similar input pairs are generated, and negative pair sampling, where dissimilar input pairs are generated. A contrastive loss function is then used to update the model's parameters."", 'Why it is important': 'Contrastive learning has been shown to be effective in learning robust and transferable representations, which can improve the performance of downstream tasks.', 'Its typical applications': 'Contrastive learning has applications in image classification, object detection, and recommendation systems.'}",The method is classified as unsupervised learning because it does not require labeled data. It is classified under representation learning because its primary goal is to learn representations of input data.,
Autoencoding,Unsupervised Learning,Representation Learning,"['Neural Networks', 'Encoder–Decoder Architectures']","['Model', 'Technique']",100,"['Autoencoding is a type of unsupervised learning algorithm that learns to compress and reconstruct input data.', 'It works by defining an encoder network that maps the input data to a lower-dimensional latent space, and a decoder network that maps the latent space back to the original input data.', 'The importance of autoencoding lies in its ability to learn compact representations of high-dimensional data, which can be useful for dimensionality reduction, anomaly detection, and generative modeling.', 'Autoencoding is typically applied in areas such as image compression, text processing, and recommender systems.']","Autoencoding fits well within the unsupervised learning paradigm, as it does not require labeled data to learn. The primary objective of autoencoding is representation learning, which aligns with its ability to learn compact representations of input data.",
Metric Learning,Supervised Learning,Dimensionality Reduction,"['Kernel-Based Models', 'Probabilistic Methods']","['Measure', 'Technique']",90,"['Metric learning is a subfield of machine learning that focuses on learning distance metrics from data.', 'It works by minimizing the difference between the learned metric and the true underlying metric, often using kernel-based methods or probabilistic approaches.', 'Metric learning is important because it allows for more effective clustering, classification, and other tasks that rely on similarity measurements.', 'It has applications in image recognition, natural language processing, and information retrieval.']","Metric learning involves supervised learning of a distance metric to achieve dimensionality reduction or facilitate downstream tasks, making kernel-based models and probabilistic methods applicable. The learned metric can be considered both a measure (e.g., distance function) and a technique for improving the performance of other machine learning models.",
Masked Language Modeling,Self-Supervised Learning,Representation Learning,"['Neural Networks', 'Probabilistic Methods']","['Model', 'Technique']",90,"{'What the analytical method is': 'Masked Language Modeling (MLM) is a type of language model that predicts masked words in a sentence.', 'How it works': 'The model takes a sentence with some words randomly replaced by a mask token and predicts the original word.', 'Why it is important': 'MLM models are useful for learning language representations that can be used for various downstream NLP tasks.', 'Its typical applications': 'Typically used in natural language processing tasks, such as question answering, sentiment analysis, and text classification.'}","Masked Language Modeling is a self-supervised learning method that uses neural networks to predict masked words in a sentence. It falls under the category of representation learning, as it aims to learn useful representations of language.",
Word2Vec,Unsupervised Learning,Representation Learning,"['Embedding Methods', 'Neural Networks']",['Model'],100,"{'What the analytical method is': 'Word2Vec is a type of neural network-based technique for representing words as vectors.', 'How it works': 'It uses two layers, an input layer and an output layer, where each word is represented by its vector representation in the output layer.', 'Why it is important': 'The output vectors capture semantic relationships between words, allowing for more accurate text classification and clustering tasks.', 'Its typical applications': 'Word2Vec has been widely used in natural language processing (NLP) tasks such as sentiment analysis, named entity recognition, and text summarization.'}","Word2Vec is an unsupervised learning method because it doesn't require labeled training data to learn word representations. It's primarily used for representation learning, which aligns with its goal of capturing semantic relationships between words.",
Sentence-BERT,Self-Supervised Learning,Representation Learning,"['Neural Networks', 'Encoder–Decoder Architectures']",['Model'],90,"['Sentence-BERT is a pre-trained language model that extends the BERT architecture to handle sentence-level inputs.', 'It works by fine-tuning a pre-trained BERT model on sentence-pair classification tasks, which enables it to capture semantic relationships between sentences.', 'Sentence-BERT is important for natural language processing tasks that require understanding sentence-level semantics, such as question answering and sentence similarity measurement.', 'Typical applications of Sentence-BERT include text classification, sentiment analysis, and question-answering systems.']","Sentence-BERT combines the strengths of pre-trained language models with fine-tuning to achieve state-of-the-art results on various NLP tasks. Its neural network architecture allows it to learn complex sentence-level representations, making it a suitable choice for representation learning.",
CLIP,Self-Supervised Learning,Representation Learning,"['Neural Networks', 'Attention-Based Methods']","['Model', 'Technique']",90,"{'What the analytical method is': 'CLIP (Contrastive Language-Image Pre-training) is a deep learning model that combines natural language processing and computer vision tasks.', 'How it works': 'It uses a dual-encoder architecture, where one encoder processes text and the other processes images. The two encoders are trained simultaneously to predict whether two input pairs come from the same class or not.', 'Why it is important': 'CLIP enables zero-shot learning across various tasks such as image classification, object detection, and segmentation without requiring task-specific training data.', 'Its typical applications': 'CLIP has been applied in areas like visual question answering, text-to-image synthesis, and multimodal reasoning.'}","CLIP combines the strengths of natural language processing and computer vision to achieve impressive zero-shot performance on various tasks, making it a strong example of self-supervised learning.",
SimCLR,Self-Supervised Learning,Representation Learning,"['Neural Networks', 'Contrastive Methods']","['Model', 'Technique']",95,"{'What the analytical method is': 'SimCLR (Simultaneous Contrastive Learning of Representations) is a self-supervised learning algorithm that improves the representation capabilities of neural networks.', 'How it works': 'It does this by maximizing agreement between different augmentations of the same input, while also minimizing agreement between different inputs.', 'Why it is important': 'This allows SimCLR to learn robust and generalizable representations that can be used for various downstream tasks.', 'Its typical applications': 'SimCLR has been successfully applied in various computer vision tasks, including image classification, object detection, and segmentation.'}","SimCLR fits into the self-supervised learning paradigm as it learns representations without explicit supervision. It is primarily used for representation learning, where it aims to improve the quality of neural network representations.",
GraphSAGE,Self-Supervised Learning,Representation Learning,['Graph-Based Methods'],"['Model', 'Technique']",95,"['GraphSAGE is a graph neural network (GNN) architecture that extends the concept of message passing to graphs.', 'It works by recursively aggregating features from neighbors and updating node representations.', 'GraphSAGE is important for modeling complex relationships between data points in a graph, such as social networks or molecular structures.', 'Typical applications include recommender systems, knowledge graph embeddings, and node classification tasks.']","['GraphSAGE fits within the self-supervised learning paradigm because it learns to represent nodes without labeled training data.', 'The primary objective of GraphSAGE is to learn effective representations of nodes in a graph, which aligns with representation learning.', 'GraphSAGE employs graph-based methods for message passing and aggregation, making it a clear fit within this computational approach.']",
Node2Vec,Unsupervised Learning,Representation Learning,"['Graph-Based Methods', 'Embedding Methods']",['Technique'],90,"{'What the analytical method is': 'Node2Vec is a technique for generating node representations in graphs.', 'How it works': 'It does this by randomly walking the graph and using skip-gram objective to learn the representation of each node.', 'Why it is important': 'This technique is important because it allows us to capture complex relationships between nodes in the graph.', 'Its typical applications': 'Node2Vec can be used for various tasks, such as link prediction, node classification, and clustering.'}",Node2Vec is an unsupervised learning technique that aims to learn node representations. It uses a graph-based approach with embedding methods to capture complex relationships between nodes.,
TF-IDF,Unsupervised Learning,Information Retrieval,"['Neural Networks', 'Probabilistic Methods']","['Technique', 'Function']",95,"['TF-IDF (Term Frequency-Inverse Document Frequency) is a technique for calculating the importance of words in a document.', 'It works by multiplying the frequency of each word in the document with its inverse document frequency, which is calculated as the logarithm of the total number of documents divided by the number of documents containing the word.', 'TF-IDF is important because it helps to reduce the dimensionality of the data and gives more weight to rare words that are informative about the content of the document.', 'It is typically used in applications such as text search, text classification, and topic modeling.']","TF-IDF is a technique for calculating word importance, which is closely related to Information Retrieval. It is also based on probabilistic methods and can be seen as a type of Neural Network.",
Dense Retrieval,Self-Supervised Learning,Information Retrieval,"['Neural Networks', 'Embedding Methods']","['Model', 'Technique']",90,"{'What the analytical method is': 'Dense retrieval is a neural-based approach to information retrieval.', 'How it works': 'It uses dense vectors to represent documents and queries, allowing for efficient similarity search.', 'Why it is important': 'Dense retrieval has achieved state-of-the-art performance in various IR tasks.', 'Its typical applications': 'Dense retrieval can be applied to various natural language processing (NLP) tasks, such as question answering and document ranking.'}",Dense retrieval is a self-supervised learning approach that uses neural networks to represent documents and queries in dense vectors. This allows for efficient similarity search and has achieved state-of-the-art performance in various IR tasks.,
Hybrid Retrieval,Symbolic AI,Information Retrieval,"['Kernel-Based Models', 'Probabilistic Methods']","['Algorithm', 'Technique']",80,"Hybrid retrieval refers to a class of methods that combine multiple techniques to improve information retrieval performance. These methods work by first applying one or more preprocessing steps, followed by the use of machine learning models and/or hand-coded rules to rank the documents in order of relevance. The importance of hybrid retrieval lies in its ability to adapt to new data distributions and handle complex relationships between features. It is commonly used in applications such as search engines, recommendation systems, and expert finding systems.","Hybrid retrieval methods combine symbolic and connectionist AI approaches, making 'Symbolic AI' a suitable learning paradigm. Its primary objective is related to information retrieval, which aligns with the 'Information Retrieval' learning objective.",
Prophet,Supervised Learning,Time Series Forecasting,"['Probabilistic Methods', 'Meta Models']","['Algorithm', 'Model']",90,"{'What the analytical method is': 'Prophet is a open-source software for forecasting time series data.', 'How it works': 'It uses an additive model to forecast time series data based on historical trends and seasonal fluctuations.', 'Why it is important': 'Prophet provides accurate forecasts by automatically handling non-linear trends, seasonality, and holidays.', 'Its typical applications': 'Prophet is widely used in various domains such as finance, healthcare, and weather forecasting.'}","Prophet's ability to handle complex time series data patterns makes it suitable for Unsupervised Learning. Its primary purpose of providing accurate forecasts aligns with Time Series Forecasting. Prophet employs Probabilistic Methods to model uncertainty in forecasts, which is a key characteristic of Meta Models.",
Long Short-Term Memory,Supervised Learning,Time Series Forecasting,"['Neural Networks', 'Gradient-Based Methods']","['Model', 'Algorithm']",100,"['Long Short-Term Memory (LSTM) is a type of Recurrent Neural Network (RNN) architecture.', 'It works by maintaining a cell state that captures long-term dependencies in sequential data, allowing it to learn complex patterns and relationships between inputs over time.', 'LSTMs are essential for applications where the input sequence has a long-term structure or where the relationship between inputs is temporal, such as speech recognition, language modeling, and time series prediction.', 'Typical applications of LSTMs include natural language processing, speech recognition, image captioning, and forecasting financial markets.']","LSTM's ability to learn long-term dependencies and its application in sequential data make it a suitable candidate for supervised learning, specifically for time series forecasting.",
Genetic Algorithm,Evolutionary Computation,Optimization,Evolutionary Methods,"['Algorithm', 'Model']",100,"[""A Genetic Algorithm (GA) is a search heuristic that is inspired by Charles Darwin's theory of natural evolution."", 'This method works by iteratively creating and selecting solutions to an optimization problem, using processes such as mutation, crossover, and selection, until convergence or a stopping criterion is met.', 'Genetic Algorithms are important because they can efficiently explore large solution spaces and find near-optimal solutions in complex optimization problems.', 'Typical applications of Genetic Algorithms include scheduling, resource allocation, vehicle routing, and machine learning model optimization.']","Genetic Algorithms use evolutionary principles to search for optimal solutions in a large solution space, making them a prime example of Evolutionary Computation. They are primarily used for Optimization problems.",
Simulated Annealing,Evolutionary Computation,Optimization,"['Meta Models', 'Search Methods']","['Algorithm', 'Technique']",90,"{'What the analytical method is': 'Simulated Annealing is a global optimization algorithm inspired by the annealing process in metallurgy.', 'How it works': 'It iteratively generates new solutions, accepting or rejecting them based on their quality and temperature, to converge towards an optimal solution.', 'Why it is important': 'Simulated Annealing is particularly useful for solving complex optimization problems with multiple local optima, as it allows the algorithm to escape local minima through a controlled random search process.', 'Its typical applications': 'It is commonly used in fields such as engineering design, logistics, and finance, where global optimization is crucial.'}","Simulated Annealing fits into the Evolutionary Computation paradigm due to its use of iterative generation and selection of solutions. It is primarily used for Optimization problems, which involve finding the best solution among a set of possible ones. The algorithm's underlying strategy can be classified as a Meta Model, as it uses a meta-level search process to converge towards an optimal solution. Finally, Simulated Annealing is both an Algorithm (as it provides a systematic procedure for solving optimization problems) and a Technique (as it encompasses a broad class of methods for global optimization).",
Linear Regression,Supervised Learning,Regression,Linear Models,"['Model', 'Function']",100,"{'What the analytical method is': 'A type of regression analysis that models the relationship between a dependent variable and one or more independent variables.', 'How it works': 'Linear Regression uses linear combinations of the independent variables to predict the value of the dependent variable, using an optimization algorithm (usually gradient descent) to minimize the difference between predicted and actual values.', 'Why it is important': 'Linear Regression is a fundamental technique in machine learning that provides insights into the relationships between variables and can be used for prediction, feature selection, and modeling.', 'Its typical applications': 'Linear Regression is widely used in various fields such as economics, finance, marketing, and engineering for predicting continuous outcomes like stock prices, demand, or energy consumption.'}","Linear Regression is a Supervised Learning method that solves the regression problem using linear combinations of features, which is achieved through Gradient-Based Methods and Linear Models.",
Lasso Regression,Supervised Learning,Regression,"['Linear Models', 'Gradient-Based Methods']","['Algorithm', 'Model', 'Technique']",90,"{'1. What the analytical method is.': 'Lasso Regression is a type of linear regression that incorporates L1 regularization to prevent overfitting.', '2. How it works.': 'It uses an optimization algorithm to minimize the loss function, which combines the least squares loss with the L1 penalty term.', '3. Why it is important.': 'Lasso Regression helps avoid overfitting by shrinking some coefficients to zero, making it particularly useful for high-dimensional data.', '4. Its typical applications.': 'It is commonly used in feature selection, dimensionality reduction, and prediction problems.'}",Lasso Regression is a supervised learning algorithm that uses linear models with gradient-based methods to achieve its objective of regression.,
Support Vector Regression,Supervised Learning,Regression,Kernel-Based Models,['Model'],100,"['Support Vector Regression (SVR) is a type of regression algorithm that uses support vectors to find the best-fitting hyperplane in a high-dimensional space.', 'It works by finding the optimal hyperplane that maximizes the margin between the classes, while minimizing the error on the training data.', 'SVR is important because it can handle non-linear relationships between variables and is robust to outliers and noisy data.', 'Typical applications of SVR include time series forecasting, stock price prediction, and quality control in manufacturing.']","['The learning paradigm is supervised because SVR uses labeled training data to learn a mapping between input and output variables.', 'The learning objective is regression because SVR aims to predict a continuous output variable.', 'SVR combines kernel-based methods (e.g., Gaussian radial basis function) with gradient-based optimization techniques (e.g., stochastic gradient descent) to achieve its goal.']",
Collaborative Filtering,Unsupervised Learning,Ranking / Recommendation,"['Matrix Factorization', 'Nearest Neighbor Methods']",['Technique'],90,"['Collaborative Filtering is a method that predicts the interest of a user in an item based on the interests of other users with similar profiles.', 'It works by creating a matrix of user-item interactions and then factorizing this matrix into two lower-dimensional spaces: one for users and one for items.', 'This technique is important because it can handle high-dimensional data and provide accurate recommendations without the need for explicit ratings.', 'Collaborative Filtering has typical applications in e-commerce, movie recommendation systems, and product suggestion tools.']",Collaborative Filtering fits into Unsupervised Learning as it doesn't require labeled training data. It is used for Ranking / Recommendation tasks by predicting user interests based on similar profiles.,
Learning to Rank,Supervised Learning,Ranking / Recommendation,"['Linear Models', 'Ensemble Models']","['Technique', 'Model']",90,"{'What the analytical method is': 'Learning to Rank is a machine learning technique used for ranking objects in order of their relevance, often based on a set of features.', 'How it works': 'It combines multiple regression models to predict a ranking score for each object, and then uses this score to rank them.', 'Why it is important': 'Learning to Rank is crucial in applications such as information retrieval, recommendation systems, and online advertising.', 'Its typical applications': 'It is commonly used in e-commerce websites, search engines, and social media platforms.'}","The method uses supervised learning to rank objects based on their features, which aligns with the Learning Paradigm of Supervised Learning. The primary problem it solves is Ranking / Recommendation, making it a good fit for this objective.",
Content-Based Filtering,Unsupervised Learning,Recommendation / Ranking,"['Instance-Based Models', 'Similarity-Based Methods']","['Technique', 'Function']",80,"{'What the analytical method is': 'Content-Based Filtering is a technique used in recommender systems to suggest items to users based on their past behavior and preferences.', 'How it works': 'It analyzes the content of each item, such as its attributes or features, to determine which items are most similar to the ones a user has interacted with before.', 'Why it is important': 'This method is essential for recommender systems because it can help users discover new products they might be interested in and increase customer satisfaction and retention.', 'Its typical applications': 'Content-Based Filtering is commonly used in e-commerce, movie recommendations, music playlists, and other domains where users have diverse preferences.'}",Content-Based Filtering is classified as Unsupervised Learning because it doesn't require labeled data to make predictions. It's categorized under Recommendation / Ranking because its primary objective is to suggest items that are most likely to be of interest to a user. The Instance-Based Models and Similarity-Based Methods computational approaches apply because this method relies on analyzing item attributes and similarities.,
Neural Collaborative Filtering,Supervised Learning,Ranking / Recommendation,"['Neural Networks', 'Matrix Factorization']","['Model', 'Technique']",90,"Neural Collaborative Filtering is a machine learning method that uses neural networks to learn user and item representations from interactions. It works by training a neural network on a matrix of user-item interaction data, where the output layer predicts ratings or click probabilities. This approach is important because it can handle large-scale datasets and provides more accurate recommendations than traditional collaborative filtering methods. Neural Collaborative Filtering has typical applications in e-commerce, social media, and content recommendation systems.","Neural Collaborative Filtering falls under Unsupervised Learning as it does not require labeled data for training. The primary analytical problem it solves is Ranking / Recommendation, which involves predicting user preferences or interests based on their interactions with items. Neural networks are a fundamental component of this approach, and matrix factorization is often used as an underlying strategy to reduce the dimensionality of the interaction data.",
Kernel Density Estimation,Unsupervised Learning,Density Estimation,"['Probabilistic Methods', 'Kernel-Based Models']","['Function', 'Technique']",95,"['Kernel Density Estimation is a non-parametric technique for estimating the underlying probability density function of a continuous random variable.', 'It works by fitting a kernel, typically a normal distribution or a piecewise linear function, to each data point and then summing the resulting densities.', 'KDE is important because it allows us to model complex distributions without making assumptions about their shape or parameters.', 'It is commonly used in data visualization, statistical inference, and machine learning for tasks such as anomaly detection, classification, and clustering.']","[""Kernel Density Estimation falls under Unsupervised Learning because it doesn't require labeled training data to estimate the underlying distribution."", 'The primary objective of KDE is to estimate the density function of a continuous random variable, which aligns with the Density Estimation learning objective.']",
Histogram Density Estimation,Unsupervised Learning,Density Estimation,Density-Based Methods,"['Technique', 'Function']",90,"['Histogram Density Estimation is a non-parametric method for estimating the probability density function of a continuous random variable.', 'It works by dividing the data into bins and counting the number of observations in each bin, then smoothing the counts to obtain an estimate of the underlying density.', 'This technique is important because it provides a way to visualize and understand the underlying structure of complex datasets without making strong assumptions about their distribution.', 'Histogram Density Estimation is commonly used in data visualization, exploratory data analysis, and statistical inference.']","The method is an unsupervised learning approach that aims to estimate the density of a random variable. It uses kernel-based methods to smooth the histogram counts, which is a key characteristic of probabilistic approaches.",
Polynomial Feature Transformation,Supervised Learning,Dimensionality Reduction,"['Linear Models', 'Kernel-Based Models']","['Function', 'Transformation']",100,"{'What it is': 'Polynomial feature transformation is a technique used to convert the input data into higher-dimensional space.', 'How it works': 'It works by applying polynomial functions to each feature of the input data, resulting in a new set of features that can be more informative for learning models.', ""Why it's important"": 'This method helps improve the performance of machine learning models on datasets with high dimensionality or non-linear relationships between variables.', 'Typical applications': 'Polynomial feature transformation is commonly used in regression and classification tasks, particularly when dealing with datasets that have a large number of features or complex interactions between them.'}","This method belongs to the supervised learning paradigm because it requires labeled data for training. Its primary objective is dimensionality reduction, as it transforms high-dimensional input data into a lower-dimensional space that can be more easily processed by machine learning models.",
Power Transformation,Supervised Learning,Regression,"['Linear Models', 'Probabilistic Methods']","['Transformation', 'Technique']",80,"{'What the analytical method is': 'Power transformation is a technique used to stabilize variance in datasets by transforming the data into a more suitable form for analysis.', 'How it works': 'It involves applying mathematical functions, such as log or square root, to the data to reduce skewness and increase symmetry, making it easier to apply linear regression models.', 'Why it is important': 'Power transformation is essential when dealing with datasets that exhibit heteroscedasticity (non-constant variance) or skewed distributions, as it helps in achieving normality and equal variances.', 'Its typical applications': 'It finds applications in various fields such as economics, finance, and social sciences for analyzing the relationship between variables.'}",Power transformation is considered a supervised learning method because it relies on existing knowledge or labels to adjust the data. It falls under regression as its primary purpose is to model the relationship between dependent and independent variables.,
Temporal Fusion Transformer,Supervised Learning,Time Series Forecasting,"['Neural Networks', 'Attention-Based Methods']",['Model'],90,"{'What the analytical method is': 'Temporal Fusion Transformer (TFT) is a deep learning architecture designed for time series forecasting.', 'How it works': 'It combines multiple input signals using an attention mechanism to selectively weigh their importance, and then applies a transformer encoder to capture temporal dependencies within each signal.', 'Why it is important': 'TFT has shown excellent performance on various time series datasets, often outperforming traditional methods and other deep learning models.', 'Its typical applications': 'It can be applied to various domains where time series forecasting is crucial, such as finance, energy, transportation, and healthcare.'}","The TFT method falls under supervised learning because it requires labeled training data. Its primary objective is time series forecasting, which aligns with its design and application. The computational approach involves neural networks and attention-based methods, making it a suitable classification.",
Particle Swarm Optimization,Evolutionary Computation,Optimization,"['Optimization Methods', 'Gradient-Based Methods']",['Algorithm'],95,"{'What the analytical method is': 'Particle Swarm Optimization (PSO) is a population-based stochastic optimization technique inspired by the swarming behavior of birds, fish, and other animals.', 'How it works': 'In PSO, each particle represents a potential solution to the optimization problem, and its movement is guided by its own experience and the experiences of its neighbors in the search space.', 'Why it is important': 'PSO is an effective global optimization algorithm that can find the optimal solution efficiently, especially for complex, non-linear problems with multiple local optima.', 'Its typical applications': 'PSO has been applied to various fields, including engineering design, finance, and data mining.'}","PSO belongs to Evolutionary Computation due to its population-based and iterative nature. Its primary objective is Optimization, as it seeks to find the optimal solution for a given problem.",
Birch,Unsupervised Learning,Clustering,Hierarchical Methods,['Technique'],95,"{'Typical applications include customer segmentation, market basket analysis, and gene expression data clustering.', 'Birch is important for its ability to handle large datasets with varying densities and noise levels.', 'Birch is a clustering algorithm that partitions the data into dense clusters based on the density of points.', 'It uses an adaptive and dynamic approach to determine the number of clusters and their boundaries.'}","The Birch algorithm is an unsupervised learning method that is specifically designed for clustering tasks. It uses density-based methods to partition the data into clusters, making it a good fit for this category.","
    Rationale:

* The Birch algorithm is classified as an ""Unsupervised Learning"" method because it does not require labeled training data and instead aims to discover patterns or structures in the data.
* The primary objective of Birch is to perform clustering, making ""Clustering"" a suitable choice for the ""Learning Objective"".
* The computational approach used by Birch is density-based methods, which is why ""Density-Based Methods"" is included in the list.
* Birch is classified as an analytical technique because it provides a way to partition data into clusters based on their density.

    "
ElasticNetCV,Supervised Learning,Regression,Linear Models,"['Algorithm', 'Model']",100,"ElasticNetCV is a type of regularized linear regression algorithm that combines the advantages of L1 and L2 regularization.,
        It works by adding a penalty term to the loss function, which helps in reducing overfitting and improving generalization.,
        This method is important because it can handle high-dimensional data with correlated features and provide accurate predictions.,
        ElasticNetCV is typically applied in regression problems where there are multiple predictors and the goal is to minimize both bias and variance.
        ","ElasticNetCV is a supervised learning algorithm used for regression tasks, which makes it a combination of Linear Models and Ensemble Models. It's also an algorithm and model, so these types apply.","
    Rationale:

* ElasticNetCV is a type of regularized linear regression algorithm that combines the advantages of L1 and L2 regularization, making it a Supervised Learning approach.
* The primary analytical problem this method solves is Regression, which involves predicting continuous outcomes based on one or more predictor variables.
* As a regularized linear regression algorithm, ElasticNetCV uses a combination of Linear Models (regularization) and Ensemble Methods (combining L1 and L2 regularization), making these two computational approaches applicable.
* Since ElasticNetCV is both an algorithm and a model that can be trained on data to make predictions, it's classified as both an Algorithm and a Model.

    "
IsolationForest,Unsupervised Learning,Anomaly Detection,"['Tree-Based Models', 'Ensemble Models']","['Algorithm', 'Technique']",95,"
        Isolation Forest is an unsupervised algorithm that detects anomalies by isolating them in a feature space.
        It works by iteratively partitioning the data and calculating the depth of each point, with anomalies being isolated early due to their unique characteristics.
        This method is important as it allows for effective anomaly detection without relying on labeled data.
        Isolation Forest has typical applications in outlier detection, data cleaning, and quality control.
        ","
        The Isolation Forest algorithm fits into the Unsupervised Learning paradigm as it does not require labeled data to function.
        Its primary objective is Anomaly Detection, which aligns with its ability to identify points that do not conform to the expected pattern in the data.
        It utilizes a combination of Tree-Based and Ensemble Models to achieve its objectives, making these categories applicable.
        As an algorithm, Isolation Forest can be classified as both an Algorithm and a Technique, depending on how it is applied.
        ","
- The Isolation Forest algorithm fits into the Unsupervised Learning paradigm as it does not require labeled data to function.
- Its primary objective is Anomaly Detection, which aligns with its ability to identify points that do not conform to the expected pattern in the data.
- It utilizes a combination of Tree-Based and Ensemble Models to achieve its objectives, making these categories applicable.
- As an algorithm, Isolation Forest can be classified as both an Algorithm and a Technique, depending on how it is applied.
Here is the classification of the analytical method LabelPropagation:
"
LabelPropagation,Semi-Supervised Learning,Clustering,"['Graph-Based Methods', 'Probabilistic Methods']","['Algorithm', 'Model']",80,"{'LabelPropagation is a semi-supervised learning algorithm for graph-structured data. It works by propagating labels from labeled nodes to neighboring unlabeled nodes, leveraging the underlying structure of the graph. This technique is important because it allows us to leverage unlabeled data and improve the accuracy of our predictions. LabelPropagation has typical applications in social network analysis, recommendation systems, and bioinformatics.', 'LabelPropagation is essential in many real-world applications where we have access to only a small amount of labeled data but vast amounts of unlabeled data. By leveraging the underlying structure of the data, it enables us to make more accurate predictions and improve model performance.', 'It has been successfully applied to various domains, including computer vision, natural language processing, and biology.', ""It uses a combination of random walks on the graph and label propagation to infer labels for unlabeled nodes. The algorithm iteratively updates node labels based on their neighbors' labels and the edge weights between them. The goal is to find a stable assignment of labels that maximizes the probability of observing the labeled data given the graph structure.""}",LabelPropagation is a semi-supervised learning algorithm that leverages graph-based methods and probabilistic inference to propagate labels from labeled nodes to neighboring unlabeled nodes. It fits the description of both a graph-based method and a probabilistic approach.,"
I have chosen Semi-Supervised Learning as the Learning Paradigm because LabelPropagation is designed for situations where we have a small amount of labeled data but a large amount of unlabeled data, and it leverages the underlying structure of the data to make predictions.
Clustering is selected as the primary analytical problem because LabelPropagation aims to assign labels or categories to nodes in the graph based on their similarity to each other.
I have chosen Graph-Based Methods and Probabilistic Methods as the applicable computational approaches because they both describe how LabelPropagation works. The algorithm uses graph-based methods to propagate labels, while it also employs probabilistic inference to update node labels.
Finally, I chose Algorithm and Model as the Analytical Object Type because LabelPropagation can be viewed as both an algorithm for propagating labels through a graph and a model that describes the relationships between nodes in the graph.
Here is the classification of the analytical method LabelSpreading:


    "
Label Spreading,Semi-Supervised Learning,Classification,"['Kernel-Based Models', 'Probabilistic Methods']",['Technique'],90,"{'Label Spreading is a semi-supervised learning technique that extends the concept of transductive support vector machines (TSVMs) to handle large datasets with limited labeled examples. It uses a kernel-based approach to propagate labels from the labeled data to the unlabeled data points, allowing for more accurate classification results. Label Spreading is important because it can effectively leverage both labeled and unlabeled data, leading to improved performance on various classification tasks. It finds typical applications in image classification, natural language processing, and text classification.', 'The technique works by first computing a kernel matrix from the input data, which represents the similarity between each pair of points. Then, it uses a kernel-based algorithm to propagate labels from the labeled data to the unlabeled data points, based on their similarity scores.', 'It finds typical applications in image classification, natural language processing, and text classification.', 'Label Spreading is important because it can effectively leverage both labeled and unlabeled data, leading to improved performance on various classification tasks.'}","The LabelSpreading method belongs to Semi-Supervised Learning paradigm as it uses a combination of labeled and unlabeled data to improve the accuracy of the model. The primary objective is Classification, as the method aims to predict labels for new, unseen instances based on the patterns learned from the training data.",
LassoLarsIC,Supervised Learning,Feature Selection (LO),['Linear Models'],"['Algorithm', 'Technique']",95,"{'LassoLarsIC is a feature selection algorithm that combines the LARS algorithm with the L1 regularization technique. It works by adding one feature at a time to the model, using the LARS algorithm to find the optimal coefficients and the L1 regularization to reduce overfitting. This method is important because it provides a way to automatically select a subset of relevant features from a larger set, improving the interpretability and generalizability of the model. Typical applications include feature selection in regression problems, where the goal is to identify the most informative predictors.', 'The LassoLarsIC algorithm starts with an empty model and iteratively adds one feature at a time, using the LARS algorithm to find the optimal coefficients. The L1 regularization term is added to the objective function to discourage large coefficients. This process continues until all features have been considered or a stopping criterion is met.', 'LassoLarsIC is important because it provides a way to automatically select a subset of relevant features from a larger set, improving the interpretability and generalizability of the model.', 'Typical applications include feature selection in regression problems, where the goal is to identify the most informative predictors. It can also be used for feature selection in classification problems, or as a preprocessing step before applying other machine learning algorithms.'}","LassoLarsIC is classified as a supervised learning method because it requires labeled data to perform feature selection. The primary analytical problem that LassoLarsIC solves is feature selection, which is why it is classified under the 'Feature Selection (LO)' objective. The computational approach used by LassoLarsIC is linear models, as it relies on the LARS algorithm and L1 regularization.","
* Supervised Learning: LassoLarsIC requires labeled data to perform feature selection.
* Feature Selection (LO): The primary analytical problem that LassoLarsIC solves is feature selection.
* Linear Models: LassoLarsIC relies on the LARS algorithm and L1 regularization, which are linear model-based techniques.

    "
LinearSVC,Supervised Learning,Classification,['Linear Models'],"['Algorithm', 'Model']",100,"
        Linear Support Vector Classification (LinearSVC) is a supervised machine learning algorithm.
        It works by finding the optimal hyperplane that separates classes in the feature space, maximally preserving class separability.
        This method is important because it provides a simple and interpretable way to perform classification tasks with linear decision boundaries.
        Typical applications include image classification, text classification, and recommender systems.
        ",LinearSVC belongs to Supervised Learning as it learns from labeled training data. It aims to classify instances into predefined classes through optimization of a decision boundary in the feature space.,
LinearSVC,Supervised Learning,Classification,['Linear Models'],"['Algorithm', 'Model']",100,"
        Linear Support Vector Classification (LinearSVC) is a supervised machine learning algorithm.
        It works by finding the optimal hyperplane that separates classes in the feature space, maximally preserving class separability.
        This method is important because it provides a simple and interpretable way to perform classification tasks with linear decision boundaries.
        Typical applications include image classification, text classification, and recommender systems.
        ",LinearSVC belongs to Supervised Learning as it learns from labeled training data. It aims to classify instances into predefined classes through optimization of a decision boundary in the feature space.,
MeanShift,Unsupervised Learning,Clustering,Density-Based Methods,"['Algorithm', 'Technique']",100,"MeanShift is a non-parametric, adaptive density-based clustering algorithm that automatically determines the number of clusters in the data. It works by iteratively shifting the centroids of overlapping Gaussian distributions towards higher-density regions until convergence. This method is important because it can handle complex, high-dimensional datasets and does not require any prior knowledge about the underlying structure. Typical applications include image segmentation, object tracking, and bioinformatics.","MeanShift fits into Unsupervised Learning as it operates on unlabeled data to discover patterns or structure. It is used for Clustering, a key task in unsupervised learning where similar instances are grouped together based on their characteristics. The computational approach of Density-Based Methods and Centroid-Based Methods is applicable as MeanShift uses a density-based clustering algorithm and iteratively updates the centroids.","The classification rationale for MeanShift is based on its primary function in unsupervised learning to identify clusters or patterns in unlabeled data. The method operates by shifting centroids towards higher-density regions, which is a density-based approach that aligns with the Density-Based Methods category. Additionally, as it iteratively updates the centroids, it also falls under Centroid-Based Methods."
NuSVR,Supervised Learning,Regression,Kernel-Based Models,"['Algorithm', 'Model']",90,"
        NuSVR is a type of Support Vector Regression algorithm that uses a nu-regression parameter to control the fraction of training errors.
        It works by mapping the input data into a high-dimensional feature space using a kernel function, and then finding the optimal hyperplane in this space.
        The importance of NuSVR lies in its ability to handle non-linear relationships between inputs and outputs, making it useful for regression problems with complex underlying structures.
        Typically, NuSVR is applied to real-world problems such as forecasting, modeling, or prediction.
    ",NuSVR is classified under Supervised Learning because it relies on labeled training data to learn a mapping between inputs and outputs. It is categorized under Regression because its primary objective is to predict continuous output values.,
OPTICS,Unsupervised Learning,Clustering,['Density-Based Methods'],['Algorithm'],90,"
        OPTICS is a density-based clustering algorithm that partitions the data space into core and non-core points based on their density.
        The algorithm works by assigning each point a density-reachability distance, which represents how far it can reach to other points of similar density.
        It's important because OPTICS can handle varying densities and provide more accurate cluster boundaries compared to traditional DBSCAN.
        ""OPTICS is typically applied in anomaly detection, data mining, and pattern recognition tasks
        ","OPTICS is an unsupervised learning algorithm that clusters points based on density. It's primarily used for clustering, and its density-based approach makes it suitable for identifying high-density regions.","
* **Learning Paradigm:** Unsupervised Learning because OPTICS doesn't require labeled data to cluster the points.
* **Learning Objective:** Clustering because OPTICS is designed to group similar points together based on their density.
* **Computational Approach:** Density-Based Methods because OPTICS uses a density-based approach to identify high-density regions.
* **Analytical Object Type:** Algorithm because OPTICS is a specific algorithm for clustering data.

    "
PassiveAggressiveRegressor,Supervised Learning,Regression,"['Gradient-Based Methods', 'Linear Models']",['Algorithm'],95,"
        PassiveAggressiveRegressor is a type of regression algorithm. It is used to fit regression models to data. This algorithm is important for tasks that require precise predictions, such as predicting continuous outcomes like prices or temperatures. PassiveAggressiveRegressor is commonly used in applications involving recommender systems, demand forecasting, and energy consumption prediction.
        It works by minimizing the loss function through an iterative process, where each iteration involves updating the model's parameters to minimize the difference between predicted and actual values. The algorithm adapts quickly to new data and can handle high-dimensional feature spaces efficiently. It is a type of gradient-based method that uses linear models to make predictions.
        PassiveAggressiveRegressor is essential for tasks requiring accurate regression predictions, such as predicting continuous outcomes like prices or temperatures. This algorithm helps identify patterns in data and makes reliable predictions, enabling informed decision-making in applications involving recommender systems, demand forecasting, and energy consumption prediction.
        Typical applications of PassiveAggressiveRegressor include recommender systems, demand forecasting, energy consumption prediction, and precision agriculture. It is also used in tasks like time series forecasting, anomaly detection, and clustering.
    ","The algorithm's ability to adapt quickly to new data, handle high-dimensional feature spaces efficiently, and make precise predictions aligns with the characteristics of gradient-based methods and linear models",
PoissonRegressor,Supervised Learning,Regression,['Linear Models'],['Model'],100,"
        A PoissonRegressor is a type of regression model that predicts continuous outcomes by modeling the rate at which events occur.
        It works by assuming that the outcome variable follows a Poisson distribution and uses maximum likelihood estimation to fit the model parameters.
        This approach is important because it allows for accurate predictions of rare events, making it useful in various fields such as finance and healthcare.
        PoissonRegression models are typically applied to count data where the mean and variance are equal.
        ","The PoissonRegressor is classified as a Supervised Learning method since it uses labeled training data to learn the relationship between inputs and outputs. It is primarily used for Regression tasks, which involve predicting continuous outcomes. The model is based on Linear Models, as it estimates parameters using maximum likelihood estimation. Finally, the PoissonRegressor is an instance of a Model analytical object type, representing a reusable computational artifact.",
RFECV,Supervised Learning,Feature Selection (LO),"['Ensemble Models', 'Linear Models']",['Algorithm'],95,"RFECV is a feature selection algorithm. It works by recursively removing the least important features until a specified number of features are retained or until no more features can be removed without causing overfitting. RFECV is an important method for improving model interpretability and reducing overfitting in high-dimensional datasets. Typical applications include text classification, image recognition, and gene expression analysis.","RFECV is a supervised learning algorithm that uses recursive feature elimination to select the most relevant features for a given problem. It belongs to both ensemble models (as it combines multiple models to make predictions) and linear models (as it uses linear regression coefficients to determine importance). RFECV is an algorithm, which can be used for feature selection.","RFECV is classified as a supervised learning algorithm because it uses labeled training data to select features. It belongs to both ensemble models and linear models due to its use of multiple models and linear regression coefficients, respectively. RFECV is an algorithm that can be used for feature selection."
SGDOneClassSVM,Unsupervised Learning,Anomaly Detection,Linear Models,"['Model', 'Technique']",90,"
        SGDOneClassSVM is a type of one-class SVM that uses the stochastic gradient descent (SGD) algorithm to train the model.
        It works by finding the decision boundary between the data and outliers, with the goal of minimizing the number of misclassified data points.
        The importance of SGDOneClassSVM lies in its ability to detect anomalies in a dataset without relying on labeled data.
        Typical applications include network intrusion detection, credit card fraud detection, and anomaly detection in financial transactions.
        ","SGDOneClassSVM is classified as unsupervised learning because it does not require labeled training data. It is used for anomaly detection, which aligns with the Learning Objective of 'Anomaly Detection'. The method relies on kernel-based models and probabilistic methods to achieve its objective.","
* SGDOneClassSVM is classified as unsupervised learning because it does not require labeled training data.
* It is used for anomaly detection, which aligns with the Learning Objective of 'Anomaly Detection'.
* The method relies on kernel-based models and probabilistic methods to achieve its objective.

    "
TheilSenRegressor,Supervised Learning,Regression,['Linear Models'],"['Algorithm', 'Model']",90,"
        The TheilSenRegressor is a regression algorithm that estimates the relationship between a dependent variable and one or more independent variables.
        It works by selecting a set of reliable observations using a robust estimator, such as Theil-Sen slope, to calculate the model's coefficients.
        This method is important because it can handle noisy data and provide robust results in cases where classical regression methods fail.
        The TheilSenRegressor has typical applications in regression tasks where there are outliers or non-linear relationships between variables.
        ",The TheilSenRegressor is a supervised learning algorithm designed to solve regression problems using linear models.,"
* **Learning Paradigm**: Supervised Learning because the TheilSenRegressor takes in labeled data and produces predictions on unseen data.
* **Learning Objective**: Regression because the primary analytical problem solved by this method is estimating the relationship between a dependent variable and one or more independent variables.
* **Computational Approach**: Linear Models because the TheilSenRegressor estimates the model's coefficients using robust linear regression techniques, such as Theil-Sen slope.
* **Analytical Object Type**: Algorithm and Model because the TheilSenRegressor can be seen as both an algorithm that implements a specific method for solving regression problems and a model itself.
    "
QuantileTransformer,Unsupervised Learning,Dimensionality Reduction,"['Probabilistic Methods', 'Kernel-Based Models']","['Technique', 'Transformation']",90,"
      1. What the analytical method is"": ""QuantileTransformer is a data normalization technique that transforms non-linear features into linear ones using quantiles.
      2. How it works"": ""It calculates the output by mapping each input value to a percentile of its distribution, which helps in removing skewness and improving model interpretability.
      3. Why it is important"": ""QuantileTransformer is useful for regression tasks where data has heavy-tailed distributions or outliers, making it easier to model complex relationships between variables.
      4. Its typical applications"": ""This technique is commonly used in finance, climate science, and other fields with skewed data, as well as in tasks requiring feature scaling like neural networks
    ","
      QuantileTransformer belongs to Unsupervised Learning because it does not require labeled data for training.
      It is classified under Dimensionality Reduction as it transforms input features into lower-dimensional space by reducing the effect of non-linear relationships and outliers.
      The computational approach includes Probabilistic Methods since it relies on probability theory to determine output values, and Kernel-Based Models due to its use of kernel density estimation for quantile calculation.
      ","QuantileTransformer belongs to Unsupervised Learning because it does not require labeled data for training. It is classified under Dimensionality Reduction as it transforms input features into lower-dimensional space by reducing the effect of non-linear relationships and outliers. The computational approach includes Probabilistic Methods since it relies on probability theory to determine output values, and Kernel-Based Models due to its use of kernel density estimation for quantile calculation."
RBFSampler,Unsupervised Learning,Dimensionality Reduction,"['Kernel-Based Models', 'Sampling Methods']","['Technique', 'Function']",95,"
        RBFSampler is a technique used in machine learning for dimensionality reduction. It works by sampling the data with replacement to generate a set of features that are linear combinations of the original features, thereby reducing the number of dimensions. This technique is important because it helps in retaining most of the information present in the high-dimensional data while reducing the computational cost associated with high-dimensional spaces.
        Typical applications include image and video processing, text analysis, and other fields where dimensionality reduction is necessary for efficient computation or feature extraction.
        The RBFSampler technique has been widely used in various machine learning algorithms such as clustering, classification, and regression due to its ability to retain the essential features of the data while reducing the noise and irrelevant information present in it.
        Some common applications of the RBFSampler include image compression, feature selection, and dimensionality reduction for high-dimensional datasets like text, audio, or video signals.
        ","RBFSampler is classified as a 'Technique' because it is a computational method used for specific purposes. It belongs to the category 'Unsupervised Learning' because it does not require labeled data to operate. The primary objective of RBFSampler is dimensionality reduction, which fits into the category 'Dimensionality Reduction'. Finally, it uses kernel-based models and sampling methods as its underlying computational strategy.","RBFSampler is classified as a 'Technique' because it is a computational method used for specific purposes. It belongs to the category 'Unsupervised Learning' because it does not require labeled data to operate. The primary objective of RBFSampler is dimensionality reduction, which fits into the category 'Dimensionality Reduction'. Finally, it uses kernel-based models and sampling methods as its underlying computational strategy."
TransformedTargetRegressor,Supervised Learning,Regression,"['Gradient-Based Methods', 'Optimization Methods']",['Model'],90,"
        TransformedTargetRegressor is a regression algorithm that uses a transformation of the target variable to improve the prediction accuracy.
        It works by first applying a transformation to the target variable, and then using a regressor to predict the transformed target variable.
        This method is important because it can handle non-linear relationships between the input features and the target variable, and can also be used for feature selection and dimensionality reduction.
        TransformedTargetRegressor is typically applied in regression tasks where the target variable has a non-linear relationship with the input features, such as predicting continuous outcomes like prices or scores.
    ","TransformedTargetRegressor is classified as a supervised learning method because it uses labeled training data to learn the mapping between inputs and outputs. It is specifically designed for regression tasks, which involves predicting a continuous output variable.","
* Supervised Learning: TransformedTargetRegressor uses labeled training data to learn the relationship between inputs and outputs.
* Regression: The algorithm is specifically designed for predicting continuous output variables.
* Gradient-Based Methods: The method uses gradient-based optimization techniques to update the model parameters during training.
* Optimization Methods: The method involves finding the optimal values of the model parameters that minimize a loss function.

The confidence level is 90 because TransformedTargetRegressor is a well-established and widely used regression algorithm, but its classification is not universally agreed upon.
"
Observe and Iterate,Rule-Based Systems,Representation Learning,"['Instance-Based Models', 'Probabilistic Methods']","['Technique', 'Process']",80,"
    Observe and Iterate is a method for machine learning model development that involves continuously iterating between data observation, model refinement, and performance evaluation.
    It works by using instance-based learning to identify patterns in the data and iteratively refining the model until satisfactory performance is achieved.
    This method is important because it allows for flexible adaptation to changing data distributions and provides a way to handle complex, non-linear relationships between variables.
    Typical applications include anomaly detection, classification, clustering, and regression tasks where instance-based learning can be applied.
","
    Observe and Iterate fits within the Rule-Based Systems paradigm as it relies on explicit rules derived from observations in the data.
    The primary objective is Representation Learning as the method aims to develop a model that captures underlying patterns and relationships in the data.
    The computational approach involves instance-based models for identifying patterns in the data and probabilistic methods for refining the model based on uncertainty estimates.
","

* Observe and Iterate fits within the Rule-Based Systems paradigm as it relies on explicit rules derived from observations in the data.
* The primary objective is Representation Learning as the method aims to develop a model that captures underlying patterns and relationships in the data.
* The computational approach involves instance-based models for identifying patterns in the data and probabilistic methods for refining the model based on uncertainty estimates.

"
Decision Trees,Supervised Learning,Classification,['Tree-Based Models'],"['Algorithm', 'Model']",100,"
        A decision tree is a type of machine learning algorithm that works by splitting the data into subsets based on their features.
        It uses a tree-like model to classify or make predictions based on the input data.
        Decision trees are important because they can handle both categorical and numerical features, making them versatile for various applications.
        Typically applied in classification tasks such as image recognition, text classification, and customer segmentation.","Decision Trees fit into Supervised Learning paradigm as it is trained on labeled data to make predictions. The primary objective of Decision Trees is Classification, which involves predicting the class labels for new instances. It uses a Tree-Based approach, which involves recursively partitioning the feature space based on splitting criteria. Finally, it can be considered both an Algorithm and a Model, as it provides a structured way of making decisions and can be interpreted as a predictive model.",
kNN Graph Clustering,Unsupervised Learning,Clustering,"['Instance-Based Models', 'Graph-Based Methods']","['Algorithm', 'Technique']",80,"
    kNN graph clustering is a method that combines the benefits of k-nearest neighbors (kNN) and graph-based clustering techniques. It works by first building a kNN graph, where each data point is connected to its k nearest neighbors, and then performing graph clustering on this structure. The importance of kNN graph clustering lies in its ability to capture complex relationships between high-dimensional data points. This method has found applications in areas such as image segmentation, network analysis, and recommender systems.
    kNN graph clustering can effectively handle large datasets and is robust to noise and outliers. It can also identify clusters with different densities and shapes. The kNN component allows for the incorporation of local similarity information, while the graph-based component enables the exploration of global structure.
    kNN graph clustering is particularly useful when dealing with high-dimensional data or when there are complex relationships between data points. This method can help identify patterns and structures that may not be apparent through traditional clustering methods.
    kNN graph clustering has been applied in various domains, including computer vision, social network analysis, and recommendation systems. It has also been used to analyze gene expression data, protein structure prediction, and traffic flow modeling.
    ",The method's reliance on kNN similarity and graph-based structure makes Instance-Based Models and Graph-Based Methods the most applicable computational approaches.,
Model Generation,Supervised Learning,Representation Learning,"['Optimization Methods', 'Neural Networks']","['Algorithm', 'Model']",95,"A model generation method is a technique used to create and train predictive models.  It works by using training data to optimize the parameters of a model, such as weights or biases. Model generation is important for enabling accurate predictions and decisions in various applications. Typical applications include image classification, natural language processing, and recommender systems.","Model generation is a supervised learning task that involves training models on labeled data to enable representation learning. The computational approach includes optimization methods and neural networks, which are commonly used for model training.",
Decision Tree Classifier,Supervised Learning,Classification,['Tree-Based Models'],['Model'],100,"Decision Tree Classifier is a type of supervised learning algorithm used for classification tasks. It works by recursively partitioning the data into smaller subsets based on the most informative features, creating a tree-like structure to predict the target variable. This method is important as it can handle high-dimensional data and provides a simple-to-interpret model. Decision Trees are typically applied in applications such as customer segmentation, spam detection, and image classification.","Decision Tree Classifier is classified as Supervised Learning because it relies on labeled training data to learn the relationship between input features and output classes. It is classified as Classification because its primary objective is to predict a categorical target variable. The Decision Tree Classifier algorithm falls under the computational approach of Tree-Based Models, which involves recursively partitioning the data into smaller subsets.",
Random Forest Regressor,Supervised Learning,Regression,"['Ensemble Models', 'Tree-Based Models']",['Model'],100,"Random Forest Regressor is a type of supervised learning model that can be used for regression tasks. It works by combining multiple decision trees to improve the accuracy and robustness of predictions. The importance of Random Forest Regressor lies in its ability to handle high-dimensional data and reduce overfitting, making it a popular choice for many applications. Typical applications include demand forecasting, stock price prediction, and predicting continuous outcomes such as temperatures or prices.","Random Forest Regressor is classified as a Supervised Learning model because it learns from labeled training data to make predictions on new, unseen data. It is used for Regression tasks, making it applicable to the Regression learning objective.","
* Random Forest Regressor is classified as **Supervised Learning** because it learns from labeled training data.
* It is used for **Regression**, which matches one of the acceptable values in the Learning Objective category.
* The Computational Approach includes both **Ensemble Models**, as Random Forest Regressor combines multiple decision trees, and **Tree-Based Models**, since decision trees are a fundamental component of Random Forest Regressor.
* As a model that predicts continuous outcomes, it is classified as an **Algorithm** and a **Model**, which match the acceptable values in the Analytical Object Type category.

    "
Ridge Regression,Supervised Learning,Regression,"['Linear Models', 'Gradient-Based Methods']","['Model', 'Function']",100,"
        Ridge Regression is a linear regression model with regularization to prevent overfitting. It works by adding a penalty term to the loss function, which controls the magnitude of the model's coefficients. This results in more stable and generalizable models that are less prone to overfitting. Ridge Regression is typically applied to continuous output variables and is often used for feature selection.
        It achieves its goals through linear regression analysis with a modified cost function that includes an L2 regularization term. The goal of the penalty term is to reduce the magnitude of the model's coefficients, which in turn reduces overfitting.
        Ridge Regression is important because it helps mitigate the issue of overfitting by shrinking the coefficients of irrelevant features towards zero. This results in a more accurate and generalizable model that can handle high-dimensional data with ease. Ridge regression also allows for feature selection by setting certain coefficients to zero, which makes it easier to interpret the results.
        Ridge Regression is widely used in many applications such as predicting continuous outcomes like stock prices or temperatures, feature selection, and dimensionality reduction.
    ","Ridge Regression is classified under Supervised Learning because it is trained on labeled data to predict a continuous output variable. It is also classified under Linear Models because of its underlying linear regression analysis. Additionally, Ridge Regression involves optimization methods using gradient-based techniques.",
Exponential Smoothing,Time Series Forecasting,Time Series Forecasting,"['Optimization Methods', 'Probabilistic Methods']","['Technique', 'Function']",90,"
        Exponential Smoothing (ES) is a widely used method for forecasting and smoothing time series data.
        It works by taking weighted averages of past observations to produce smoothed values, with more recent observations given higher weights.
        ES is important because it can effectively reduce the impact of volatility in time series data and provide accurate forecasts.
        Typical applications include demand forecasting, inventory management, and financial modeling.
        ","Exponential Smoothing is a supervised learning method for time series forecasting, which is achieved through optimization and probabilistic methods.","
    * Learning Paradigm: **Supervised Learning**: Exponential Smoothing uses historical data to make predictions about future values. It does not learn from unlabelled data or interact with an environment.
* Learning Objective: **Time Series Forecasting**: The primary goal of Exponential Smoothing is to forecast future values in a time series based on past observations.
* Computational Approach: **Optimization Methods**, **Probabilistic Methods**: ES combines optimization techniques (e.g., minimizing the mean squared error) with probabilistic methods (e.g., assigning weights to past observations).
* Analytical Object Type: **Technique**, **Function**: Exponential Smoothing is a general technique for smoothing and forecasting time series data, which can be implemented as a function in many programming languages.
* Confidence: 90: While there may be some debate about the classification of Exponential Smoothing (e.g., whether it is truly supervised learning or not), the above categories seem to fit its fundamental nature.


    "
Matrix Factorization,Unsupervised Learning,Dimensionality Reduction,"['Linear Models', 'Probabilistic Methods']","['Technique', 'Model']",100,"
        Matrix Factorization is a dimensionality reduction technique used to simplify the structure of large matrices by factorizing them into lower-dimensional factors. It works by finding latent features or components that capture most of the information in the original matrix. This method is important because it helps reduce the number of variables in a dataset, making it easier to analyze and understand. Matrix Factorization has typical applications in recommender systems, collaborative filtering, and data compression."",
        Matrix factorization techniques work by expressing a large matrix as the product of two smaller matrices, called the left and right factors. These factors are usually learned using optimization algorithms that minimize the difference between the original and reconstructed matrices.""
    ","Matrix Factorization is an unsupervised learning technique that aims to reduce the dimensionality of a matrix. It has a clear objective of dimensionality reduction, which aligns with the Probabilistic Methods computational approach. As a technique, it fits well into the Analytical Object Type category.","
    * Learning Paradigm: Unsupervised Learning is the most suitable paradigm because Matrix Factorization aims to discover patterns or structure in data without any prior knowledge of the labels or outcomes.
* Learning Objective: Dimensionality Reduction is a fundamental objective of Matrix Factorization, as it seeks to simplify the representation of large matrices by reducing their dimensionality.
* Computational Approach: Linear Models and Probabilistic Methods are both applicable because Matrix Factorization involves linear algebra operations (e.g., matrix multiplication) and probabilistic inference (e.g., optimization algorithms).
* Analytical Object Type: Both Technique and Model categories apply, as Matrix Factorization can be viewed as a technique for dimensionality reduction or a model that represents the latent factors in the original matrix.
* Confidence: I've assigned a high confidence level of 100 because these classifications seem to accurately capture the essence of Matrix Factorization.
Here is the classification of Exponential Smoothing:


    "
t-SNE,Unsupervised Learning,Dimensionality Reduction,"['Probabilistic Methods', 'Graph-Based Methods']","['Technique', 'Algorithm']",100,"
        t-SNE is a non-linear dimensionality reduction technique that projects high-dimensional data into a lower-dimensional space while preserving the relationships between data points. It works by first computing probabilities of nearest neighbors in the high-dimensional space and then iteratively updating these probabilities to minimize the difference between them and their counterparts in the low-dimensional space. t-SNE is an important method for visualizing complex datasets, as it allows users to identify patterns and relationships that may not be apparent through other dimensionality reduction techniques. It has a wide range of applications in data science, including data visualization, clustering, and anomaly detection.
        The technique uses the Kullback-Leibler divergence between the high-dimensional and low-dimensional probability distributions to optimize the mapping between the two spaces. This process involves iteratively updating the probabilities of nearest neighbors until convergence is reached. The resulting low-dimensional representation can then be visualized using techniques such as scatter plots or PCA.
        t-SNE is important because it allows users to visualize complex datasets in a lower-dimensional space, making it easier to identify patterns and relationships that may not be apparent through other dimensionality reduction techniques. This can lead to insights into the underlying structure of the data and inform decision-making processes.
        t-SNE has a wide range of applications in data science, including data visualization, clustering, and anomaly detection. It is particularly useful for visualizing complex datasets, such as those with many variables or non-linear relationships.
    ","t-SNE is classified as an unsupervised learning method because it operates on unlabeled data and does not require a predefined target variable. The primary objective of t-SNE is dimensionality reduction, which involves reducing the number of features in a dataset while preserving the relationships between them.","

t-SNE is classified as an unsupervised learning method because it operates on unlabeled data and does not require a predefined target variable. The primary objective of t-SNE is dimensionality reduction, which involves reducing the number of features in a dataset while preserving the relationships between them.
The computational approach is classified as both ""Probabilistic Methods"" and ""Graph-Based Methods"" because t-SNE uses probability distributions to optimize the mapping between high-dimensional and low-dimensional spaces, and it can also be viewed as a graph-based method due to its use of nearest neighbors. The analytical object type is classified as both ""Technique"" and ""Algorithm"" because t-SNE is a reusable computational artifact that can be applied to different datasets.

    "
UMAP,Unsupervised Learning,Dimensionality Reduction,"['Probabilistic Methods', 'Gradient-Based Methods']","['Technique', 'Function']",90,"
        UMAP is a dimensionality reduction technique that embeds high-dimensional data into a lower-dimensional space while preserving the local structure of the original data.
        It uses a combination of t-SNE and PCA to learn a manifold that represents the intrinsic structure of the data.
        UMAP is important because it allows for the visualization and analysis of complex, high-dimensional datasets in a more intuitive and interpretable way.
        Typical applications include data visualization, clustering, anomaly detection, and feature extraction.
    ",UMAP is classified as an unsupervised learning method because it does not require labeled training data. It is also classified as a dimensionality reduction technique because its primary objective is to reduce the number of features in the dataset while preserving its structure.,"
* Learning Paradigm: Unsupervised Learning, because UMAP does not require labeled training data.
* Learning Objective: Dimensionality Reduction, because UMAP's primary objective is to reduce the number of features in the dataset while preserving its structure.
* Computational Approach: Probabilistic Methods and Gradient-Based Methods, because UMAP uses a probabilistic approach to learn a manifold that represents the intrinsic structure of the data, and it also involves gradient-based optimization techniques.
* Analytical Object Type: Technique and Function, because UMAP is a reusable computational artifact that can be applied to multiple datasets, and it can be implemented as a function or a technique in various programming languages.

    "
Genetic Algorithm,Evolutionary Computation,Optimization,Evolutionary Methods,['Algorithm'],100,"
        Genetic Algorithm is a computational method that mimics the process of natural selection and genetic inheritance to find optimal solutions. It works by iteratively evolving a population of candidate solutions through processes like mutation, crossover, and selection. This method is important because it can efficiently search large solution spaces for global optima. Genetic algorithms are commonly used in various fields such as engineering design optimization, scheduling, and machine learning.
        The algorithm starts with an initial population of candidate solutions and applies genetic operators to evolve the population over generations. Each generation is evaluated based on its fitness, and the fittest individuals have a higher chance of being selected for the next generation. This process continues until a stopping criterion is reached or the optimal solution is found.
        Genetic algorithms are important because they can efficiently search complex solution spaces that may be intractable using traditional optimization methods. They are particularly useful when the objective function is non-linear, noisy, or has multiple local optima.,
        Genetic algorithms have various applications including engineering design optimization, scheduling, machine learning, and data mining. They are used to optimize complex systems, improve product designs, and enhance decision-making processes.
    ",Genetic Algorithm is classified under Evolutionary Computation because it uses principles of natural selection and genetic inheritance to find optimal solutions. It is an optimization method as it aims to find the best solution among a set of candidate solutions.,"
* Genetic Algorithm is classified under Evolutionary Computation because it uses principles of natural selection and genetic inheritance to find optimal solutions.
* It is an Optimization method as it aims to find the best solution among a set of candidate solutions.
    "
Navigable Small World,Unsupervised Learning,Clustering,"['Graph-Based Methods', 'Density-Based Methods']","['Algorithm', 'Technique']",80,"Navigable Small World is a network clustering algorithm. It works by constructing a small world graph where nodes with similar features are densely connected, and edges between dissimilar nodes are sparsely connected. This method is important because it can efficiently cluster large networks while preserving local structural properties. Typical applications include social network analysis, community detection in protein-protein interaction networks, and clustering of brain functional connectivity matrices.",Navigable Small World falls under Unsupervised Learning as it discovers hidden structures in data without prior knowledge or labels. The primary objective is Clustering as the algorithm groups nodes with similar characteristics together. Graph-Based Methods and Density-Based Methods are applicable because Navigable Small World relies on graph-theoretic concepts to construct a small world network.,"Unsupervised Learning: Navigable Small World discovers clusters without prior knowledge or labels, making it an unsupervised learning method. Clustering: The primary objective of Navigable Small World is to group nodes with similar characteristics together. Graph-Based Methods and Density-Based Methods: These approaches are applicable because Navigable Small World relies on graph-theoretic concepts to construct a small world network."
Recursive Feature Elimination,Supervised Learning,Feature Selection (LO),['Linear Models'],"['Algorithm', 'Technique']",100,"Recursive Feature Elimination is a feature selection method that works by recursively removing the least important features until a specified number of features remains. It uses a scoring function to evaluate the importance of each feature, and then removes the feature with the lowest score at each iteration. This process continues until only the top-ranked features remain. Recursive Feature Elimination is commonly used in regression and classification problems where there are many irrelevant or redundant features. Recursive Feature Elimination works by starting with a full set of features and then iteratively removing the least important features based on their scores. At each iteration, the scoring function is recalculated to reflect the impact of the removed feature on the model's performance. This process continues until only the top-ranked features remain. The method can be used with various scoring functions, including mutual information, correlation coefficients, and recursive feature elimination itself. Recursive Feature Elimination is important because it helps to improve the interpretability of models by reducing the dimensionality of the data and identifying the most relevant features. By removing irrelevant or redundant features, Recursive Feature Elimination can also help to prevent overfitting and improve model generalizability. Additionally, Recursive Feature Elimination can be used in feature selection pipelines as a preprocessing step before training a machine learning model. Recursive Feature Elimination is commonly used in various applications, including regression and classification problems in finance, healthcare, and marketing. It is particularly useful when there are many irrelevant or redundant features in the data, such as in high-dimensional datasets with thousands of variables.",Recursive Feature Elimination is a supervised learning method that aims to select the most relevant features from a large set of features. It uses linear models to evaluate the importance of each feature and then recursively removes the least important features until only the top-ranked features remain.,
Vector Search,Unsupervised Learning,Information Retrieval,"['Instance-Based Models', 'Kernel-Based Models']","['Algorithm', 'Technique']",90,"Vector Search is a method for similarity-based search in high-dimensional spaces. It works by representing each data point as a vector and computing the cosine similarity between these vectors to identify similar or nearest neighbors. This approach is important because it allows efficient retrieval of relevant data points in complex, high-dimensional datasets. Typical applications include similarity-based search, content recommendation systems, and information retrieval.","Vector Search fits into the Unsupervised Learning paradigm as it does not require labeled training data to function. It is used for Anomaly Detection by identifying unusual patterns in a dataset, Clustering by grouping similar vectors together, and Dimensionality Reduction by reducing the number of features necessary for similarity calculations. The method's reliance on vector similarity computations places it squarely within Instance-Based Models and Kernel-Based Models, both applicable computational approaches.","Vector Search fits into the Unsupervised Learning paradigm as it does not require labeled training data to function. It is used for Anomaly Detection by identifying unusual patterns in a dataset, Clustering by grouping similar vectors together, and Dimensionality Reduction by reducing the number of features necessary for similarity calculations. The method's reliance on vector similarity computations places it squarely within Instance-Based Models and Kernel-Based Models, both applicable computational approaches."